<?xml version="1.0" encoding="utf-8" ?><dwsync><file name=".DS_Store" server="netftp.mmjp.or.jp//htdocs/" local="3492158699" remote="12115727432" /><file name="edomae.png" server="netftp.mmjp.or.jp//htdocs/" local="3539466501" remote="12129401252" /><file name="edomae_xs.png" server="netftp.mmjp.or.jp//htdocs/" local="3539466508" remote="12129401252" /><file name="swim.png" server="netftp.mmjp.or.jp//htdocs/" local="3538170028" remote="12128187392" /><file name="swim_xs.png" server="netftp.mmjp.or.jp//htdocs/" local="3538170053" remote="12128187392" /><file name="toto_white.gif" server="netftp.mmjp.or.jp//htdocs/" local="3503693211" remote="12115727432" /><file name="watarase.png" server="netftp.mmjp.or.jp//htdocs/" local="3540592100" remote="12130527332" /><file name="watarase_xs.png" server="netftp.mmjp.or.jp//htdocs/" local="3538250209" remote="12128187392" /><file name=".DS_Store" server="ftp.kaoru.main.jp/TMTU/" local="3492158699" remote="12126677792" /><file name="edomae.png" server="ftp.kaoru.main.jp/TMTU/" local="3526288539" remote="12126677792" /><file name="edomae_xs.png" server="ftp.kaoru.main.jp/TMTU/" local="3526288469" remote="12126677792" /><file name="swim.png" server="ftp.kaoru.main.jp/TMTU/" local="3507797392" remote="12126677792" /><file name="swim_xs.png" server="ftp.kaoru.main.jp/TMTU/" local="3507797603" remote="12126677792" /><file name="toto_white.gif" server="ftp.kaoru.main.jp/TMTU/" local="3503693211" remote="12126677792" /><file name="watarase.png" server="ftp.kaoru.main.jp/TMTU/" local="3536742947" remote="12126677792" /><file name="watarase_xs.png" server="ftp.kaoru.main.jp/TMTU/" local="3536742922" remote="12126677792" /></dwsync>