<?xml version="1.0" encoding="utf-8" ?><dwsync><file name="06result.pdf" server="netftp.mmjp.or.jp//htdocs/" local="3506770800" remote="20686639984" /><file name="07result.pdf" server="netftp.mmjp.or.jp//htdocs/" local="3506770800" remote="20686639984" /><file name="08result.pdf" server="netftp.mmjp.or.jp//htdocs/" local="3506770800" remote="20686639984" /><file name="09result.pdf" server="netftp.mmjp.or.jp//htdocs/" local="3506770800" remote="20686639984" /><file name="10result.pdf" server="netftp.mmjp.or.jp//htdocs/" local="3506770800" remote="20686639984" /><file name="11result.pdf" server="netftp.mmjp.or.jp//htdocs/" local="3506770800" remote="20686639984" /><file name="12edo_result.pdf" server="netftp.mmjp.or.jp//htdocs/" local="3506770800" remote="20686639984" /><file name="12result.pdf" server="netftp.mmjp.or.jp//htdocs/" local="3506770800" remote="20686639984" /><file name="13result.pdf" server="netftp.mmjp.or.jp//htdocs/" local="3506770800" remote="20686639984" /><file name="14result.pdf" server="netftp.mmjp.or.jp//htdocs/" local="3506770800" remote="20686639984" /><file name="nintei06.pdf" server="netftp.mmjp.or.jp//htdocs/" local="3506770800" remote="20686639984" /><file name="nintei07.pdf" server="netftp.mmjp.or.jp//htdocs/" local="3506770800" remote="20686639984" /><file name="nintei08.pdf" server="netftp.mmjp.or.jp//htdocs/" local="3506770800" remote="20686639984" /><file name="nintei09.pdf" server="netftp.mmjp.or.jp//htdocs/" local="3506770800" remote="20686639984" /><file name="nintei101.pdf" server="netftp.mmjp.or.jp//htdocs/" local="3506770800" remote="20686639984" /><file name="nintei11.pdf" server="netftp.mmjp.or.jp//htdocs/" local="3506770800" remote="20686639984" /><file name="06result.pdf" server="ftp.kaoru.main.jp/TMTU/" local="3488678756" remote="12126677852" /><file name="07result.pdf" server="ftp.kaoru.main.jp/TMTU/" local="3488678753" remote="12126677852" /><file name="08result.pdf" server="ftp.kaoru.main.jp/TMTU/" local="3488678749" remote="12126677852" /><file name="09result.pdf" server="ftp.kaoru.main.jp/TMTU/" local="3488678745" remote="12126677852" /><file name="10result.pdf" server="ftp.kaoru.main.jp/TMTU/" local="3488678726" remote="12126677852" /><file name="11result.pdf" server="ftp.kaoru.main.jp/TMTU/" local="3488678718" remote="12126677852" /><file name="12edo_result.pdf" server="ftp.kaoru.main.jp/TMTU/" local="3488679842" remote="12126677852" /><file name="12result.pdf" server="ftp.kaoru.main.jp/TMTU/" local="3488678711" remote="12126677852" /><file name="13result.pdf" server="ftp.kaoru.main.jp/TMTU/" local="3488678700" remote="12126677852" /><file name="14result.pdf" server="ftp.kaoru.main.jp/TMTU/" local="3488678689" remote="12126677852" /><file name="nintei06.pdf" server="ftp.kaoru.main.jp/TMTU/" local="3488679897" remote="12126677852" /><file name="nintei07.pdf" server="ftp.kaoru.main.jp/TMTU/" local="3488679885" remote="12126677852" /><file name="nintei08.pdf" server="ftp.kaoru.main.jp/TMTU/" local="3488679865" remote="12126677852" /><file name="nintei09.pdf" server="ftp.kaoru.main.jp/TMTU/" local="3488679862" remote="12126677852" /><file name="nintei101.pdf" server="ftp.kaoru.main.jp/TMTU/" local="3488679858" remote="12126677852" /><file name="nintei11.pdf" server="ftp.kaoru.main.jp/TMTU/" local="3488679850" remote="12126677852" /><file name="15watarase_result.pdf" server="netftp.mmjp.or.jp//htdocs/" local="3518521200" remote="20698390384" /><file name="15watarase_result.pdf" server="ftp.kaoru.main.jp/TMTU/" local="3518541973" remote="12126677852" /><file name=".DS_Store" server="ftp.kaoru.main.jp/TMTU/" local="3492158699" remote="12126677852" /><file name="edomae2013.pdf" server="netftp.mmjp.or.jp//htdocs/" local="3538097280" remote="20717966464" /><file name="edomae2014.pdf" server="netftp.mmjp.or.jp//htdocs/" local="3538097280" remote="20717966464" /><file name="edomae2015.pdf" server="netftp.mmjp.or.jp//htdocs/" local="3538097340" remote="20717966524" /><file name="nintei2013.pdf" server="netftp.mmjp.or.jp//htdocs/" local="3538097280" remote="20717966464" /><file name="nintei2014.pdf" server="netftp.mmjp.or.jp//htdocs/" local="3538097280" remote="20717966464" /><file name="nintei2015.pdf" server="netftp.mmjp.or.jp//htdocs/" local="3538097340" remote="20717966524" /><file name="watarase2015.pdf" server="netftp.mmjp.or.jp//htdocs/" local="3538097340" remote="20717966524" /><file name="nintei2016.pdf" server="netftp.mmjp.or.jp//htdocs/" local="3540154560" remote="12130089152" /></dwsync>