<?xml version="1.0" encoding="utf-8" ?><dwsync><file name=".DS_Store" server="netftp.mmjp.or.jp//htdocs/" local="3518457345" remote="12115727432" /><file name="Aiko_Run.png" server="netftp.mmjp.or.jp//htdocs/" local="3496274940" remote="12115727432" /><file name="Aiko_Transition.png" server="netftp.mmjp.or.jp//htdocs/" local="3496274940" remote="12115727432" /><file name="Aiko_before_start.png" server="netftp.mmjp.or.jp//htdocs/" local="3496274940" remote="12115727432" /><file name="Aiko_finish.png" server="netftp.mmjp.or.jp//htdocs/" local="3496274940" remote="12115727432" /><file name="Female_Start.png" server="netftp.mmjp.or.jp//htdocs/" local="3496274940" remote="12115727432" /><file name="Toyama_Sprint.png" server="netftp.mmjp.or.jp//htdocs/" local="3496274940" remote="12115727432" /><file name="Toyama_Turn.png" server="netftp.mmjp.or.jp//htdocs/" local="3496307787" remote="12115727432" /><file name="Toyama__before_start.png" server="netftp.mmjp.or.jp//htdocs/" local="3496274940" remote="12115727432" /><file name="Toyama_finish.png" server="netftp.mmjp.or.jp//htdocs/" local="3496274940" remote="12115727432" /><file name="nagasaki1.png" server="netftp.mmjp.or.jp//htdocs/" local="3496307521" remote="12115727432" /><file name="nagasaki2.png" server="netftp.mmjp.or.jp//htdocs/" local="3496307545" remote="12115727432" /><file name="soukoukai.png" server="netftp.mmjp.or.jp//htdocs/" local="3496274940" remote="12115727432" /><file name=".DS_Store" server="ftp.kaoru.main.jp/TMTU/" local="3518457345" remote="12126677792" /><file name="Aiko_before_start.png" server="ftp.kaoru.main.jp/TMTU/" local="3496274940" remote="12126677792" /><file name="Aiko_finish.png" server="ftp.kaoru.main.jp/TMTU/" local="3496274940" remote="12126677792" /><file name="Aiko_Run.png" server="ftp.kaoru.main.jp/TMTU/" local="3496274940" remote="12126677792" /><file name="Aiko_Transition.png" server="ftp.kaoru.main.jp/TMTU/" local="3496274940" remote="12126677792" /><file name="Female_Start.png" server="ftp.kaoru.main.jp/TMTU/" local="3496274940" remote="12126677792" /><file name="nagasaki1.png" server="ftp.kaoru.main.jp/TMTU/" local="3496307521" remote="12126677792" /><file name="nagasaki2.png" server="ftp.kaoru.main.jp/TMTU/" local="3496307545" remote="12126677792" /><file name="soukoukai.png" server="ftp.kaoru.main.jp/TMTU/" local="3496274940" remote="12126677792" /><file name="Toyama__before_start.png" server="ftp.kaoru.main.jp/TMTU/" local="3496274940" remote="12126677792" /><file name="Toyama_finish.png" server="ftp.kaoru.main.jp/TMTU/" local="3496274940" remote="12126677792" /><file name="Toyama_Sprint.png" server="ftp.kaoru.main.jp/TMTU/" local="3496274940" remote="12126677792" /><file name="Toyama_Turn.png" server="ftp.kaoru.main.jp/TMTU/" local="3496307787" remote="12126677792" /><file name="2015_wakasaji.pdf" server="netftp.mmjp.or.jp//htdocs/" local="3511642499" remote="12115727432" /><file name="kozu_1.png" server="ftp.kaoru.main.jp/TMTU/" local="3514668361" remote="12126677792" /><file name="kozu_2.png" server="ftp.kaoru.main.jp/TMTU/" local="3514668629" remote="12126677792" /><file name="kozu_3.png" server="ftp.kaoru.main.jp/TMTU/" local="3514668578" remote="12126677792" /><file name="kozu_4.png" server="ftp.kaoru.main.jp/TMTU/" local="3514674617" remote="12126677792" /><file name="kozu_5.png" server="ftp.kaoru.main.jp/TMTU/" local="3514668477" remote="12126677792" /><file name="kozu_6.png" server="ftp.kaoru.main.jp/TMTU/" local="3514668426" remote="12126677792" /><file name="kozu_7.png" server="ftp.kaoru.main.jp/TMTU/" local="3514668447" remote="12126677792" /><file name="kozu_1.png" server="netftp.mmjp.or.jp//htdocs/" local="3514668361" remote="12115727432" /><file name="kozu_2.png" server="netftp.mmjp.or.jp//htdocs/" local="3514668629" remote="12115727432" /><file name="kozu_3.png" server="netftp.mmjp.or.jp//htdocs/" local="3514668578" remote="12115727432" /><file name="kozu_4.png" server="netftp.mmjp.or.jp//htdocs/" local="3514674617" remote="12115727432" /><file name="kozu_5.png" server="netftp.mmjp.or.jp//htdocs/" local="3514668477" remote="12115727432" /><file name="kozu_6.png" server="netftp.mmjp.or.jp//htdocs/" local="3514668426" remote="12115727432" /><file name="kozu_7.png" server="netftp.mmjp.or.jp//htdocs/" local="3514668447" remote="12115727432" /><file name="2015_watarase_result.xslx" server="netftp.mmjp.or.jp//htdocs/" local="3518457765" remote="12115727432" /><file name="tathikawa5.png" server="netftp.mmjp.or.jp//htdocs/" local="3519722763" remote="12115727432" /><file name="tathikawa4.png" server="netftp.mmjp.or.jp//htdocs/" local="3519722747" remote="12115727432" /><file name="tathikawa3.png" server="netftp.mmjp.or.jp//htdocs/" local="3519722736" remote="12115727432" /><file name="tathikawa2.png" server="netftp.mmjp.or.jp//htdocs/" local="3519722725" remote="12115727432" /><file name="tathikawa1.png" server="netftp.mmjp.or.jp//htdocs/" local="3519722691" remote="12115727432" /><file name="21stJTC_judge.docx" server="netftp.mmjp.or.jp//htdocs/" local="3521446803" remote="12115727432" /><file name="drafting.JPG" server="netftp.mmjp.or.jp//htdocs/" local="3510766720" remote="12115727432" /><file name="21stJTC_judge.docx" server="ftp.kaoru.main.jp/TMTU/" local="3521446803" remote="12126677792" /><file name="tathikawa5.png" server="ftp.kaoru.main.jp/TMTU/" local="3519722763" remote="12126677792" /><file name="tathikawa4.png" server="ftp.kaoru.main.jp/TMTU/" local="3519722747" remote="12126677792" /><file name="tathikawa3.png" server="ftp.kaoru.main.jp/TMTU/" local="3519722736" remote="12126677792" /><file name="tathikawa2.png" server="ftp.kaoru.main.jp/TMTU/" local="3519722725" remote="12126677792" /><file name="tathikawa1.png" server="ftp.kaoru.main.jp/TMTU/" local="3519722691" remote="12126677792" /><file name="2015_watarase_result.xslx" server="ftp.kaoru.main.jp/TMTU/" local="3518457765" remote="12126677792" /><file name="2015_wakasaji.pdf" server="ftp.kaoru.main.jp/TMTU/" local="3511642499" remote="12126677792" /><file name="drafting.JPG" server="ftp.kaoru.main.jp/TMTU/" local="3510766720" remote="12126677792" /></dwsync>