<?xml version="1.0" encoding="utf-8" ?><dwsync><file name="P1000723-2.png" server="netftp.mmjp.or.jp//htdocs/" local="3497695798" remote="12095451152" /><file name="P1000723.JPG" server="netftp.mmjp.or.jp//htdocs/" local="3497695623" remote="12095451152" /><file name="Appreciation_Fukushima20150214.png" server="netftp.mmjp.or.jp//htdocs/" local="3507278787" remote="12097213712" /><file name="Appreciation_Fukushima20150214.png" server="ftp.kaoru.main.jp/TMTU/" local="3507278787" remote="12126678032" /><file name="P1000723-2.png" server="ftp.kaoru.main.jp/TMTU/" local="3497695798" remote="12126678032" /><file name="P1000723.JPG" server="ftp.kaoru.main.jp/TMTU/" local="3497695623" remote="12126678032" /><file name="Appreciation_Miyagi_20150331.png" server="netftp.mmjp.or.jp//htdocs/" local="3510595582" remote="12100530392" /><file name="Appreciation_Miyagi_20150331.png" server="ftp.kaoru.main.jp/TMTU/" local="3510595582" remote="12126678032" /><file name=".DS_Store" server="ftp.kaoru.main.jp/TMTU/" local="3510594997" remote="12126678032" /><file name="Appreciation_Miyagi_20150331.pdf" server="ftp.kaoru.main.jp/TMTU/" local="3510594904" remote="12126678032" /></dwsync>