<?xml version="1.0" encoding="utf-8" ?><dwsync><file name=".csscomb.json" server="users108.lolipop.jp" local="3487484340" remote="20667353524" /><file name=".csslintrc" server="users108.lolipop.jp" local="3487484340" remote="20667353524" /><file name="alerts.less" server="users108.lolipop.jp" local="3487484340" remote="20667353524" /><file name="badges.less" server="users108.lolipop.jp" local="3488444160" remote="16373346048" /><file name="bootstrap.less" server="users108.lolipop.jp" local="3488444160" remote="16373346048" /><file name="breadcrumbs.less" server="users108.lolipop.jp" local="3488444160" remote="16373346048" /><file name="button-groups.less" server="users108.lolipop.jp" local="3488444160" remote="16373346048" /><file name="buttons.less" server="users108.lolipop.jp" local="3488444160" remote="16373346048" /><file name="carousel.less" server="users108.lolipop.jp" local="3488444160" remote="16373346048" /><file name="close.less" server="users108.lolipop.jp" local="3488444160" remote="16373346048" /><file name="code.less" server="users108.lolipop.jp" local="3488444160" remote="16373346048" /><file name="component-animations.less" server="users108.lolipop.jp" local="3488444160" remote="16373346048" /><file name="dropdowns.less" server="users108.lolipop.jp" local="3488444160" remote="16373346048" /><file name="forms.less" server="users108.lolipop.jp" local="3488444160" remote="16373346048" /><file name="glyphicons.less" server="users108.lolipop.jp" local="3488444160" remote="16373346048" /><file name="grid.less" server="users108.lolipop.jp" local="3488444160" remote="16373346048" /><file name="input-groups.less" server="users108.lolipop.jp" local="3488444160" remote="16373346048" /><file name="jumbotron.less" server="users108.lolipop.jp" local="3488444160" remote="16373346048" /><file name="labels.less" server="users108.lolipop.jp" local="3488444160" remote="16373346048" /><file name="list-group.less" server="users108.lolipop.jp" local="3488444160" remote="16373346048" /><file name="media.less" server="users108.lolipop.jp" local="3488444160" remote="16373346048" /><file name="mixins.less" server="users108.lolipop.jp" local="3488444160" remote="16373346048" /><file name="modals.less" server="users108.lolipop.jp" local="3488444160" remote="16373346048" /><file name="navbar.less" server="users108.lolipop.jp" local="3488444160" remote="16373346048" /><file name="navs.less" server="users108.lolipop.jp" local="3488444160" remote="16373346048" /><file name="normalize.less" server="users108.lolipop.jp" local="3488444160" remote="16373346048" /><file name="pager.less" server="users108.lolipop.jp" local="3488444160" remote="16373346048" /><file name="pagination.less" server="users108.lolipop.jp" local="3488444160" remote="16373346048" /><file name="panels.less" server="users108.lolipop.jp" local="3488444160" remote="16373346048" /><file name="popovers.less" server="users108.lolipop.jp" local="3488444160" remote="16373346048" /><file name="print.less" server="users108.lolipop.jp" local="3488444160" remote="16373346048" /><file name="progress-bars.less" server="users108.lolipop.jp" local="3488444160" remote="16373346048" /><file name="responsive-utilities.less" server="users108.lolipop.jp" local="3488444160" remote="16373346048" /><file name="scaffolding.less" server="users108.lolipop.jp" local="3488444160" remote="16373346048" /><file name="tables.less" server="users108.lolipop.jp" local="3488444160" remote="16373346048" /><file name="theme.less" server="users108.lolipop.jp" local="3488444160" remote="16373346048" /><file name="thumbnails.less" server="users108.lolipop.jp" local="3488444160" remote="16373346048" /><file name="tooltip.less" server="users108.lolipop.jp" local="3488444160" remote="16373346048" /><file name="type.less" server="users108.lolipop.jp" local="3488444160" remote="16373346048" /><file name="utilities.less" server="users108.lolipop.jp" local="3488444160" remote="16373346048" /><file name="variables.less" server="users108.lolipop.jp" local="3488444160" remote="16373346048" /><file name="wells.less" server="users108.lolipop.jp" local="3488444160" remote="16373346048" /><file name="bootstrap-social.less" server="users108.lolipop.jp" local="3488444160" remote="16373346048" /><file name="kozuma.less" server="users108.lolipop.jp" local="3488444160" remote="16373346048" /><file name="kozuma_tempo.less" server="users108.lolipop.jp" local="3487484340" remote="20667353524" /><file name="offcanvas.less" server="users108.lolipop.jp" local="3488444160" remote="16373346048" /><file name="sticky-footer.less" server="users108.lolipop.jp" local="3488444160" remote="16373346048" /><file name=".csscomb.json" server="ftp.kaoru.main.jp/TMTU/" local="3487484340" remote="12092074952" /><file name=".csslintrc" server="ftp.kaoru.main.jp/TMTU/" local="3487484340" remote="12092074952" /><file name="alerts.less" server="ftp.kaoru.main.jp/TMTU/" local="3487484340" remote="12092074952" /><file name="badges.less" server="ftp.kaoru.main.jp/TMTU/" local="3488444160" remote="12092074952" /><file name="bootstrap-social.less" server="ftp.kaoru.main.jp/TMTU/" local="3488444160" remote="12092074952" /><file name="bootstrap.less" server="ftp.kaoru.main.jp/TMTU/" local="3488444160" remote="12092074952" /><file name="breadcrumbs.less" server="ftp.kaoru.main.jp/TMTU/" local="3488444160" remote="12092074952" /><file name="button-groups.less" server="ftp.kaoru.main.jp/TMTU/" local="3488444160" remote="12092074952" /><file name="buttons.less" server="ftp.kaoru.main.jp/TMTU/" local="3497826304" remote="12092074952" /><file name="carousel.less" server="ftp.kaoru.main.jp/TMTU/" local="3488444160" remote="12092074952" /><file name="close.less" server="ftp.kaoru.main.jp/TMTU/" local="3488444160" remote="12092074952" /><file name="code.less" server="ftp.kaoru.main.jp/TMTU/" local="3488444160" remote="12092074952" /><file name="component-animations.less" server="ftp.kaoru.main.jp/TMTU/" local="3488444160" remote="12092074952" /><file name="dropdowns.less" server="ftp.kaoru.main.jp/TMTU/" local="3488444160" remote="12092074952" /><file name="forms.less" server="ftp.kaoru.main.jp/TMTU/" local="3488444160" remote="12092074952" /><file name="glyphicons.less" server="ftp.kaoru.main.jp/TMTU/" local="3488444160" remote="12092074952" /><file name="grid.less" server="ftp.kaoru.main.jp/TMTU/" local="3488444160" remote="12092074952" /><file name="input-groups.less" server="ftp.kaoru.main.jp/TMTU/" local="3488444160" remote="12092074952" /><file name="jumbotron.less" server="ftp.kaoru.main.jp/TMTU/" local="3488444160" remote="12092074952" /><file name="kozuma.less" server="ftp.kaoru.main.jp/TMTU/" local="3502139724" remote="12092074952" /><file name="kozuma_tempo.less" server="ftp.kaoru.main.jp/TMTU/" local="3487484340" remote="12092074952" /><file name="labels.less" server="ftp.kaoru.main.jp/TMTU/" local="3488444160" remote="12092074952" /><file name="list-group.less" server="ftp.kaoru.main.jp/TMTU/" local="3488444160" remote="12092074952" /><file name="media.less" server="ftp.kaoru.main.jp/TMTU/" local="3488444160" remote="12092074952" /><file name="mixins.less" server="ftp.kaoru.main.jp/TMTU/" local="3488491265" remote="12092074952" /><file name="modals.less" server="ftp.kaoru.main.jp/TMTU/" local="3488444160" remote="12092074952" /><file name="navbar.less" server="ftp.kaoru.main.jp/TMTU/" local="3488444160" remote="12092074952" /><file name="navs.less" server="ftp.kaoru.main.jp/TMTU/" local="3488444160" remote="12092074952" /><file name="normalize.less" server="ftp.kaoru.main.jp/TMTU/" local="3488444160" remote="12092074952" /><file name="offcanvas.less" server="ftp.kaoru.main.jp/TMTU/" local="3488444160" remote="12092074952" /><file name="pager.less" server="ftp.kaoru.main.jp/TMTU/" local="3488444160" remote="12092074952" /><file name="pagination.less" server="ftp.kaoru.main.jp/TMTU/" local="3488444160" remote="12092074952" /><file name="panels.less" server="ftp.kaoru.main.jp/TMTU/" local="3489872908" remote="12092074952" /><file name="popovers.less" server="ftp.kaoru.main.jp/TMTU/" local="3488444160" remote="12092074952" /><file name="print.less" server="ftp.kaoru.main.jp/TMTU/" local="3488444160" remote="12092074952" /><file name="progress-bars.less" server="ftp.kaoru.main.jp/TMTU/" local="3488444160" remote="12092074952" /><file name="responsive-utilities.less" server="ftp.kaoru.main.jp/TMTU/" local="3488444160" remote="12092074952" /><file name="scaffolding.less" server="ftp.kaoru.main.jp/TMTU/" local="3488444160" remote="12092074952" /><file name="sticky-footer.less" server="ftp.kaoru.main.jp/TMTU/" local="3488444160" remote="12092074952" /><file name="tables.less" server="ftp.kaoru.main.jp/TMTU/" local="3488444160" remote="12092074952" /><file name="theme.less" server="ftp.kaoru.main.jp/TMTU/" local="3488444160" remote="12092074952" /><file name="thumbnails.less" server="ftp.kaoru.main.jp/TMTU/" local="3488444160" remote="12092074952" /><file name="tooltip.less" server="ftp.kaoru.main.jp/TMTU/" local="3488444160" remote="12092074952" /><file name="type.less" server="ftp.kaoru.main.jp/TMTU/" local="3488444160" remote="12092074952" /><file name="utilities.less" server="ftp.kaoru.main.jp/TMTU/" local="3488444160" remote="12092074952" /><file name="variables.less" server="ftp.kaoru.main.jp/TMTU/" local="3488598898" remote="12092074952" /><file name="wells.less" server="ftp.kaoru.main.jp/TMTU/" local="3488444160" remote="12092074952" /><file name="view_test.less" server="ftp.kaoru.main.jp/TMTU/" local="3489277603" remote="12092074952" /><file name=".csscomb.json" server="netftp.mmjp.or.jp//htdocs/" local="3487484340" remote="12083421092" /><file name=".csslintrc" server="netftp.mmjp.or.jp//htdocs/" local="3487484340" remote="12083421092" /><file name="alerts.less" server="netftp.mmjp.or.jp//htdocs/" local="3487484340" remote="12083421092" /><file name="badges.less" server="netftp.mmjp.or.jp//htdocs/" local="3488444160" remote="12083421092" /><file name="bootstrap-social.less" server="netftp.mmjp.or.jp//htdocs/" local="3488444160" remote="12083421092" /><file name="bootstrap.less" server="netftp.mmjp.or.jp//htdocs/" local="3488444160" remote="12083421092" /><file name="breadcrumbs.less" server="netftp.mmjp.or.jp//htdocs/" local="3488444160" remote="12083421092" /><file name="button-groups.less" server="netftp.mmjp.or.jp//htdocs/" local="3488444160" remote="12083421092" /><file name="buttons.less" server="netftp.mmjp.or.jp//htdocs/" local="3488444160" remote="12083421092" /><file name="carousel.less" server="netftp.mmjp.or.jp//htdocs/" local="3488444160" remote="12083421092" /><file name="close.less" server="netftp.mmjp.or.jp//htdocs/" local="3488444160" remote="12083421092" /><file name="code.less" server="netftp.mmjp.or.jp//htdocs/" local="3488444160" remote="12083421092" /><file name="component-animations.less" server="netftp.mmjp.or.jp//htdocs/" local="3488444160" remote="12083421092" /><file name="dropdowns.less" server="netftp.mmjp.or.jp//htdocs/" local="3488444160" remote="12083421092" /><file name="forms.less" server="netftp.mmjp.or.jp//htdocs/" local="3488444160" remote="12083421092" /><file name="glyphicons.less" server="netftp.mmjp.or.jp//htdocs/" local="3488444160" remote="12083421092" /><file name="grid.less" server="netftp.mmjp.or.jp//htdocs/" local="3488444160" remote="12083421092" /><file name="input-groups.less" server="netftp.mmjp.or.jp//htdocs/" local="3488444160" remote="12083421092" /><file name="jumbotron.less" server="netftp.mmjp.or.jp//htdocs/" local="3488444160" remote="12083421092" /><file name="kozuma.less" server="netftp.mmjp.or.jp//htdocs/" local="3492206929" remote="12083421092" /><file name="kozuma_tempo.less" server="netftp.mmjp.or.jp//htdocs/" local="3487484340" remote="12083421092" /><file name="labels.less" server="netftp.mmjp.or.jp//htdocs/" local="3488444160" remote="12083421092" /><file name="list-group.less" server="netftp.mmjp.or.jp//htdocs/" local="3488444160" remote="12083421092" /><file name="media.less" server="netftp.mmjp.or.jp//htdocs/" local="3488444160" remote="12083421092" /><file name="mixins.less" server="netftp.mmjp.or.jp//htdocs/" local="3488491265" remote="12083421092" /><file name="modals.less" server="netftp.mmjp.or.jp//htdocs/" local="3488444160" remote="12083421092" /><file name="navbar.less" server="netftp.mmjp.or.jp//htdocs/" local="3488444160" remote="12083421092" /><file name="navs.less" server="netftp.mmjp.or.jp//htdocs/" local="3488444160" remote="12083421092" /><file name="normalize.less" server="netftp.mmjp.or.jp//htdocs/" local="3488444160" remote="12083421092" /><file name="offcanvas.less" server="netftp.mmjp.or.jp//htdocs/" local="3488444160" remote="12083421092" /><file name="pager.less" server="netftp.mmjp.or.jp//htdocs/" local="3488444160" remote="12083421092" /><file name="pagination.less" server="netftp.mmjp.or.jp//htdocs/" local="3488444160" remote="12083421092" /><file name="panels.less" server="netftp.mmjp.or.jp//htdocs/" local="3489872908" remote="12083421092" /><file name="popovers.less" server="netftp.mmjp.or.jp//htdocs/" local="3488444160" remote="12083421092" /><file name="print.less" server="netftp.mmjp.or.jp//htdocs/" local="3488444160" remote="12083421092" /><file name="progress-bars.less" server="netftp.mmjp.or.jp//htdocs/" local="3488444160" remote="12083421092" /><file name="responsive-utilities.less" server="netftp.mmjp.or.jp//htdocs/" local="3488444160" remote="12083421092" /><file name="scaffolding.less" server="netftp.mmjp.or.jp//htdocs/" local="3488444160" remote="12083421092" /><file name="sticky-footer.less" server="netftp.mmjp.or.jp//htdocs/" local="3488444160" remote="12083421092" /><file name="tables.less" server="netftp.mmjp.or.jp//htdocs/" local="3488444160" remote="12083421092" /><file name="theme.less" server="netftp.mmjp.or.jp//htdocs/" local="3488444160" remote="12083421092" /><file name="thumbnails.less" server="netftp.mmjp.or.jp//htdocs/" local="3488444160" remote="12083421092" /><file name="tooltip.less" server="netftp.mmjp.or.jp//htdocs/" local="3488444160" remote="12083421092" /><file name="type.less" server="netftp.mmjp.or.jp//htdocs/" local="3488444160" remote="12083421092" /><file name="utilities.less" server="netftp.mmjp.or.jp//htdocs/" local="3488444160" remote="12083421092" /><file name="variables.less" server="netftp.mmjp.or.jp//htdocs/" local="3488598898" remote="12083421092" /><file name="view_test.less" server="netftp.mmjp.or.jp//htdocs/" local="3489277603" remote="12083421092" /><file name="wells.less" server="netftp.mmjp.or.jp//htdocs/" local="3488444160" remote="12083421092" /><file name="add.less" server="ftp.kaoru.main.jp/TMTU/" local="3497843185" remote="12092074952" /></dwsync>