<?xml version="1.0" encoding="utf-8" ?><dwsync><file name="15_teiji_01_hagaki.pdf" server="netftp.mmjp.or.jp//htdocs/" local="3516524468" remote="12106459052" /><file name="15_teiji_01_giann.pdf" server="netftp.mmjp.or.jp//htdocs/" local="3516479644" remote="12106415672" /><file name="15_teiji_01_gijiroku.pdf" server="netftp.mmjp.or.jp//htdocs/" local="3518943746" remote="12108878792" /><file name="15_teiji_01_gijiroku.pdf" server="ftp.kaoru.main.jp/TMTU/" local="3518943746" remote="12126677852" /><file name="15_teiji_01_hagaki.pdf" server="ftp.kaoru.main.jp/TMTU/" local="3516524468" remote="12126677852" /><file name=".DS_Store" server="ftp.kaoru.main.jp/TMTU/" local="3516480439" remote="12126677852" /><file name="15_teiji_01_giann.pdf" server="ftp.kaoru.main.jp/TMTU/" local="3516479644" remote="12126677852" /><file name="15_rinji_01_minutes.pdf" server="netftp.mmjp.or.jp//htdocs/" local="3540589723" remote="12130524872" /><file name="15_rinji_01_card.pdf" server="netftp.mmjp.or.jp//htdocs/" local="3540589671" remote="12130524872" /><file name="15_rinji_01_info.pdf" server="netftp.mmjp.or.jp//htdocs/" local="3540589590" remote="12130524872" /></dwsync>