<?xml version="1.0" encoding="utf-8" ?><dwsync><file name=".DS_Store" server="netftp.mmjp.or.jp//htdocs/" local="3492158699" remote="12095451212" /><file name="book.png" server="netftp.mmjp.or.jp//htdocs/" local="3489895495" remote="12113976272" /><file name="kens.png" server="netftp.mmjp.or.jp//htdocs/" local="3489895349" remote="12113976272" /><file name="konami.png" server="netftp.mmjp.or.jp//htdocs/" local="3489895382" remote="12113976272" /><file name="rule.png" server="netftp.mmjp.or.jp//htdocs/" local="3489895520" remote="12113976272" /><file name="stj.png" server="netftp.mmjp.or.jp//htdocs/" local="3489895263" remote="12113976272" /><file name="volunteer.png" server="netftp.mmjp.or.jp//htdocs/" local="3489895479" remote="12095451152" /><file name=".DS_Store" server="ftp.kaoru.main.jp/TMTU/" local="3492158699" remote="12126678032" /><file name="book.png" server="ftp.kaoru.main.jp/TMTU/" local="3489895495" remote="12126678032" /><file name="kens.png" server="ftp.kaoru.main.jp/TMTU/" local="3489895349" remote="12126678032" /><file name="konami.png" server="ftp.kaoru.main.jp/TMTU/" local="3489895382" remote="12126678032" /><file name="rule.png" server="ftp.kaoru.main.jp/TMTU/" local="3489895520" remote="12126678032" /><file name="stj.png" server="ftp.kaoru.main.jp/TMTU/" local="3489895263" remote="12126678032" /><file name="volunteer.png" server="ftp.kaoru.main.jp/TMTU/" local="3489895479" remote="12126678032" /><file name="top_nas.jpg" server="netftp.mmjp.or.jp//htdocs/" local="3508834804" remote="12128105312" /><file name="top_nas.jpg" server="ftp.kaoru.main.jp/TMTU/" local="3508834804" remote="12126678032" /><file name="support.png" server="netftp.mmjp.or.jp//htdocs/" local="3538252194" remote="12128187332" /><file name="tokai.png" server="netftp.mmjp.or.jp//htdocs/" local="3540586744" remote="12130524872" /></dwsync>