<?xml version="1.0" encoding="utf-8" ?><dwsync><file name="khenkou.pdf" server="netftp.mmjp.or.jp//htdocs/" local="3516090529" remote="12106025132" /><file name="mousikomi.pdf" server="netftp.mmjp.or.jp//htdocs/" local="3516090480" remote="12106025132" /><file name=".DS_Store" server="ftp.kaoru.main.jp/TMTU/" local="3529916232" remote="12126677852" /><file name="khenkou.pdf" server="ftp.kaoru.main.jp/TMTU/" local="3516090529" remote="12126677852" /><file name="mousikomi.pdf" server="ftp.kaoru.main.jp/TMTU/" local="3516090480" remote="12126677852" /><file name="chairman.pdf" server="ftp.kaoru.main.jp/TMTU/" local="3510261335" remote="12126677912" /><file name="142giann01.pdf" server="ftp.kaoru.main.jp/TMTU/" local="3504167678" remote="12126677972" /><file name="regulations.pdf" server="ftp.kaoru.main.jp/TMTU/" local="3498120476" remote="12126677972" /><file name="setumei.pdf" server="ftp.kaoru.main.jp/TMTU/" local="3489872051" remote="12126677972" /><file name="kitei.pdf" server="ftp.kaoru.main.jp/TMTU/" local="3488645414" remote="12126677972" /><file name="suisen.pdf" server="ftp.kaoru.main.jp/TMTU/" local="3488644917" remote="12126677972" /><file name="sselite.pdf" server="ftp.kaoru.main.jp/TMTU/" local="3488644881" remote="12126677972" /><file name="blockky.pdf" server="ftp.kaoru.main.jp/TMTU/" local="3488574072" remote="12126677972" /><file name="toukibo14.pdf" server="ftp.kaoru.main.jp/TMTU/" local="3488574000" remote="12126677972" /><file name="teikan14.pdf" server="ftp.kaoru.main.jp/TMTU/" local="3488573993" remote="12126677972" /><file name="skaiinn.pdf" server="ftp.kaoru.main.jp/TMTU/" local="3488573966" remote="12126677972" /><file name="profile.pdf" server="ftp.kaoru.main.jp/TMTU/" local="3488571862" remote="12126677972" /><file name="kokutai_furusato.pdf" server="netftp.mmjp.or.jp//htdocs/" local="3543039633" remote="12132984452" /><file name="teikan2016.pdf" server="netftp.mmjp.or.jp//htdocs/" local="3544085045" remote="12134019752" /></dwsync>