<?xml version="1.0" encoding="utf-8" ?><dwsync><file name=".DS_Store" server="netftp.mmjp.or.jp//htdocs/" local="3519722806" remote="12115727432" /><file name="Title_Swim.png" server="netftp.mmjp.or.jp//htdocs/" local="3507535968" remote="12115727432" /><file name="Title_Watarase.png" server="netftp.mmjp.or.jp//htdocs/" local="3538808881" remote="12129401252" /><file name="Title_edomae.png" server="netftp.mmjp.or.jp//htdocs/" local="3539466613" remote="12129401252" /><file name="toto.png" server="netftp.mmjp.or.jp//htdocs/" local="3495648631" remote="12115727432" /><file name=".DS_Store" server="ftp.kaoru.main.jp/TMTU/" local="3519722806" remote="12126677792" /><file name="Title_edomae.png" server="ftp.kaoru.main.jp/TMTU/" local="3526288585" remote="12126677792" /><file name="Title_Swim.png" server="ftp.kaoru.main.jp/TMTU/" local="3507535968" remote="12126677852" /><file name="Title_Watarase.png" server="ftp.kaoru.main.jp/TMTU/" local="3518902483" remote="12126677792" /><file name="toto.png" server="ftp.kaoru.main.jp/TMTU/" local="3495648631" remote="12126677852" /><file name="ranking-logo_blue.png" server="netftp.mmjp.or.jp//htdocs/" local="3509007347" remote="12115727432" /><file name="ranking-logo_green.png" server="netftp.mmjp.or.jp//htdocs/" local="3509007373" remote="12115727432" /><file name="ranking-logo_red.png" server="netftp.mmjp.or.jp//htdocs/" local="3509007362" remote="12115727432" /><file name="ranking-logo_green.png" server="ftp.kaoru.main.jp/TMTU/" local="3509007373" remote="12126677852" /><file name="horikoshi.png" server="netftp.mmjp.or.jp//htdocs/" local="3514796046" remote="12115727432" /><file name="Gmail.zip" server="netftp.mmjp.or.jp//htdocs/" local="3514668127" remote="12115727432" /><file name="horikoshi.png" server="ftp.kaoru.main.jp/TMTU/" local="3514796046" remote="12126677792" /><file name="Gmail.zip" server="ftp.kaoru.main.jp/TMTU/" local="3514668127" remote="12126677852" /><file name="ranking-logo_red.png" server="ftp.kaoru.main.jp/TMTU/" local="3509007362" remote="12126677852" /><file name="ranking-logo_blue.png" server="ftp.kaoru.main.jp/TMTU/" local="3509007347" remote="12126677852" /><file name="2016_junior_shugo.jpg" server="netftp.mmjp.or.jp//htdocs/" local="3546419427" remote="12136354532" /></dwsync>