<?xml version="1.0" encoding="utf-8" ?><dwsync><file name=".DS_Store" server="netftp.mmjp.or.jp//htdocs/" local="3538795322" remote="12128743592" /><file name="H27_Enhancement_Apply.pdf" server="netftp.mmjp.or.jp//htdocs/" local="3538470142" remote="12128743592" /><file name="H27_Enhancement_Info.pdf" server="netftp.mmjp.or.jp//htdocs/" local="3538470142" remote="12128743592" /><file name="juniorElite_2016.pdf" server="netftp.mmjp.or.jp//htdocs/" local="3538795232" remote="12128743592" /><file name="recommend_2016.pdf" server="netftp.mmjp.or.jp//htdocs/" local="3540198471" remote="12130133732" /><file name="2016_kaike_recommend.pdf" server="netftp.mmjp.or.jp//htdocs/" local="3539290430" remote="12129225992" /><file name="2016_junior.pdf" server="netftp.mmjp.or.jp//htdocs/" local="3542694762" remote="12132633212" /><file name="2016_iwate_kokutai_0406.pdf" server="netftp.mmjp.or.jp//htdocs/" local="3543040867" remote="12132975812" /><file name="2016_represent.pdf" server="netftp.mmjp.or.jp//htdocs/" local="3544377201" remote="12134312132" /><file name="2016_shidousha-requirement.pdf" server="netftp.mmjp.or.jp//htdocs/" local="3544903734" remote="12134839592" /><file name="2016_shidousha-application.pdf" server="netftp.mmjp.or.jp//htdocs/" local="3544903734" remote="12134839592" /><file name="2016_nojiriko_gassyuku.pdf" server="netftp.mmjp.or.jp//htdocs/" local="3545374162" remote="12135310352" /><file name="2016_junior_summer_gassyuku.pdf" server="netftp.mmjp.or.jp//htdocs/" local="3546031905" remote="12135967412" /><file name="20160510_junior_kyoukakijun_qualify.pdf" server="netftp.mmjp.or.jp//htdocs/" local="3546460938" remote="12136397072" /><file name="20160510_junior_kyoukakijun_about.pdf" server="netftp.mmjp.or.jp//htdocs/" local="3546460938" remote="12136397072" /><file name="2016_allkids_application.pdf" server="netftp.mmjp.or.jp//htdocs/" local="3547852857" remote="12137788652" /><file name="2016_allkids_about.pdf" server="netftp.mmjp.or.jp//htdocs/" local="3547577706" remote="12137514932" /><file name="2016_watarase_saisyuu.pdf" server="netftp.mmjp.or.jp//htdocs/" local="3548234541" remote="12138170012" /></dwsync>