<?xml version="1.0" encoding="utf-8" ?><dwsync><file name=".DS_Store" server="netftp.mmjp.or.jp//htdocs/" local="3505509394" remote="12095451212" /><file name="2015_swim.pdf" server="netftp.mmjp.or.jp//htdocs/" local="3515567075" remote="12105538832" /><file name="triathlon_clinic_20141223.pdf" server="netftp.mmjp.or.jp//htdocs/" local="3501748826" remote="12095451212" /><file name=".DS_Store" server="ftp.kaoru.main.jp/TMTU/" local="3518457322" remote="12126677912" /><file name="2015_swim.pdf" server="ftp.kaoru.main.jp/TMTU/" local="3515567075" remote="12126677912" /><file name="triathlon_clinic_20141223.pdf" server="ftp.kaoru.main.jp/TMTU/" local="3501748826" remote="12126677912" /><file name="recommend_qualification_2015.pdf" server="netftp.mmjp.or.jp//htdocs/" local="3508833334" remote="12098768072" /><file name="elite_recommend2015.pdf" server="netftp.mmjp.or.jp//htdocs/" local="3510594794" remote="12100530392" /><file name="elite_recommend2015.pdf" server="ftp.kaoru.main.jp/TMTU/" local="3510594794" remote="12126677912" /><file name="recommend_qualification_2015.pdf" server="ftp.kaoru.main.jp/TMTU/" local="3508833334" remote="12126677912" /></dwsync>