<?xml version="1.0" encoding="utf-8" ?><dwsync><file name="2015_juniorSupport.pdf" server="netftp.mmjp.or.jp//htdocs/" local="3515055060" remote="12104991872" /><file name="2015_JTU3_shinpan.pdf" server="netftp.mmjp.or.jp//htdocs/" local="3515055060" remote="12104991872" /><file name="judge_registration.pdf" server="netftp.mmjp.or.jp//htdocs/" local="3515142574" remote="12105077432" /><file name="2015volunteer.pdf" server="netftp.mmjp.or.jp//htdocs/" local="3515573938" remote="12105538832" /><file name="edomae2015.pdf" server="netftp.mmjp.or.jp//htdocs/" local="3516479644" remote="12106416032" /><file name="WATARASE_saisyuu2015.pdf" server="netftp.mmjp.or.jp//htdocs/" local="3517333029" remote="12107268032" /><file name="junior_training_0922.pdf" server="netftp.mmjp.or.jp//htdocs/" local="3524041093" remote="12113976332" /><file name="2015_EdomaeResult.pdf" server="netftp.mmjp.or.jp//htdocs/" local="3526287484" remote="12116223212" /><file name="2015kunitachi_final.pdf" server="netftp.mmjp.or.jp//htdocs/" local="3528925620" remote="12118860212" /><file name="miyakojunior_2015.pdf" server="netftp.mmjp.or.jp//htdocs/" local="3529916179" remote="12119851352" /><file name="Kunitachi_result1PandC.pdf.pdf" server="netftp.mmjp.or.jp//htdocs/" local="3530495880" remote="12120430472" /><file name="Kunitachi_result15B.pdf" server="netftp.mmjp.or.jp//htdocs/" local="3530495880" remote="12120430472" /><file name="Kunitachi_result15A.pdf" server="netftp.mmjp.or.jp//htdocs/" local="3533879383" remote="12123814112" /><file name="Kunitachi_result15A.pdf" server="ftp.kaoru.main.jp/TMTU/" local="3533879383" remote="12126677852" /><file name="Kunitachi_result1PandC.pdf.pdf" server="ftp.kaoru.main.jp/TMTU/" local="3530495880" remote="12126677852" /><file name="Kunitachi_result15B.pdf" server="ftp.kaoru.main.jp/TMTU/" local="3530495880" remote="12126677852" /><file name="miyakojunior_2015.pdf" server="ftp.kaoru.main.jp/TMTU/" local="3529916179" remote="12126677852" /><file name="2015kunitachi_final.pdf" server="ftp.kaoru.main.jp/TMTU/" local="3528925620" remote="12126677852" /><file name="2015_EdomaeResult.pdf" server="ftp.kaoru.main.jp/TMTU/" local="3526287484" remote="12126677852" /><file name="junior_training_0922.pdf" server="ftp.kaoru.main.jp/TMTU/" local="3524041093" remote="12126677852" /><file name=".DS_Store" server="ftp.kaoru.main.jp/TMTU/" local="3518457764" remote="12126677852" /><file name="WATARASE_saisyuu2015.pdf" server="ftp.kaoru.main.jp/TMTU/" local="3517333029" remote="12126677852" /><file name="edomae2015.pdf" server="ftp.kaoru.main.jp/TMTU/" local="3516479644" remote="12126677852" /><file name="2015volunteer.pdf" server="ftp.kaoru.main.jp/TMTU/" local="3515573938" remote="12126677852" /><file name="judge_registration.pdf" server="ftp.kaoru.main.jp/TMTU/" local="3515142574" remote="12126677852" /><file name="2015_juniorSupport.pdf" server="ftp.kaoru.main.jp/TMTU/" local="3515055060" remote="12126677852" /><file name="2015_JTU3_shinpan.pdf" server="ftp.kaoru.main.jp/TMTU/" local="3515055060" remote="12126677852" /><file name="junior_training_schedule.pdf" server="ftp.kaoru.main.jp/TMTU/" local="3514374879" remote="12126677852" /><file name="junior_training_application.pdf" server="ftp.kaoru.main.jp/TMTU/" local="3514374859" remote="12126677852" /><file name="totaikyo_requirements.pdf" server="ftp.kaoru.main.jp/TMTU/" local="3513973262" remote="12126677852" /><file name="totaikyo_application.pdf" server="ftp.kaoru.main.jp/TMTU/" local="3513973262" remote="12126677852" /><file name="20150308record_form.pdf" server="ftp.kaoru.main.jp/TMTU/" local="3510594004" remote="12126677852" /><file name="official_record2015.pdf" server="ftp.kaoru.main.jp/TMTU/" local="3507530103" remote="12126677852" /><file name="Kaike_recommend.pdf" server="ftp.kaoru.main.jp/TMTU/" local="3507328379" remote="12126677852" /><file name="Appreciation_Fukushima20150214.pdf" server="ftp.kaoru.main.jp/TMTU/" local="3507278099" remote="12126677852" /><file name="triathlon_kids_A4_sakuragaoka_taiken_150129.pdf" server="ftp.kaoru.main.jp/TMTU/" local="3506808948" remote="12126677852" /><file name="totai_guide.pdf" server="ftp.kaoru.main.jp/TMTU/" local="3506808948" remote="12126677912" /><file name="totai_apply.pdf" server="ftp.kaoru.main.jp/TMTU/" local="3506808948" remote="12126677912" /><file name="watarase2015.pdf" server="ftp.kaoru.main.jp/TMTU/" local="3505496552" remote="12126677912" /><file name="judge_apply.pdf" server="ftp.kaoru.main.jp/TMTU/" local="3505285344" remote="12126677912" /><file name="judge.pdf" server="ftp.kaoru.main.jp/TMTU/" local="3504169636" remote="12126677912" /><file name="official_record2015_old.pdf" server="ftp.kaoru.main.jp/TMTU/" local="3504169624" remote="12126677912" /></dwsync>