<?xml version="1.0" encoding="utf-8" ?><dwsync><file name=".DS_Store" server="netftp.mmjp.or.jp//htdocs/" local="3505516560" remote="20685385744" /><file name="RSS.xml" server="netftp.mmjp.or.jp//htdocs/" local="3505516560" remote="20685385744" /><file name="about.html" server="netftp.mmjp.or.jp//htdocs/" local="3544085176" remote="12134019752" /><file name="apple-touch-icon.png" server="netftp.mmjp.or.jp//htdocs/" local="3493486440" remote="20673355624" /><file name="bootstrap-social.css" server="netftp.mmjp.or.jp//htdocs/" local="3493486440" remote="20673355624" /><file name="calendar.html" server="netftp.mmjp.or.jp//htdocs/" local="3545375545" remote="12135310112" /><file name="event.html" server="netftp.mmjp.or.jp//htdocs/" local="3547329188" remote="12137264012" /><file name="google115cbf157766d3e4.html" server="netftp.mmjp.or.jp//htdocs/" local="3493486440" remote="20673355624" /><file name="index.html" server="netftp.mmjp.or.jp//htdocs/" local="3547329345" remote="12137264012" /><file name="inquiry.html" server="netftp.mmjp.or.jp//htdocs/" local="3535447185" remote="12125381792" /><file name="link.html" server="netftp.mmjp.or.jp//htdocs/" local="3535447169" remote="12125381792" /><file name="meeting.html" server="netftp.mmjp.or.jp//htdocs/" local="3540590289" remote="12130524872" /><file name="members.html" server="netftp.mmjp.or.jp//htdocs/" local="3540198833" remote="12130524872" /><file name="regional.html" server="netftp.mmjp.or.jp//htdocs/" local="3535447169" remote="12125381792" /><file name="register.html" server="netftp.mmjp.or.jp//htdocs/" local="3536374970" remote="12126309512" /><file name="robots.txt" server="netftp.mmjp.or.jp//htdocs/" local="3493594740" remote="20673463924" /><file name="search.html" server="netftp.mmjp.or.jp//htdocs/" local="3535447168" remote="12125381792" /><file name="sitemap.xml" server="netftp.mmjp.or.jp//htdocs/" local="3506223088" remote="12096157652" /><file name="register.html" server="ftp.kaoru.main.jp" local="3506203671" remote="12096138212" /><file name="regional.html" server="ftp.kaoru.main.jp" local="3506203666" remote="12096138512" /><file name=".DS_Store" server="ftp.kaoru.main.jp/TMTU/" local="3536742869" remote="12126677732" /><file name="about.html" server="ftp.kaoru.main.jp/TMTU/" local="3535447169" remote="12126677732" /><file name="index.html" server="ftp.kaoru.main.jp/TMTU/" local="3536861325" remote="12126796112" /><file name="event.html" server="ftp.kaoru.main.jp/TMTU/" local="3536375231" remote="12126677732" /><file name="search.html" server="ftp.kaoru.main.jp/TMTU/" local="3535447168" remote="12126677732" /><file name="register.html" server="ftp.kaoru.main.jp/TMTU/" local="3536374970" remote="12126677732" /><file name="regional.html" server="ftp.kaoru.main.jp/TMTU/" local="3535447169" remote="12126677732" /><file name="members.html" server="ftp.kaoru.main.jp/TMTU/" local="3535447169" remote="12126677732" /><file name="meeting.html" server="ftp.kaoru.main.jp/TMTU/" local="3535447169" remote="12126677732" /><file name="link.html" server="ftp.kaoru.main.jp/TMTU/" local="3535447169" remote="12126677732" /><file name="inquiry.html" server="ftp.kaoru.main.jp/TMTU/" local="3535447185" remote="12126677732" /><file name="calendar.html" server="ftp.kaoru.main.jp/TMTU/" local="3535447169" remote="12126677732" /><file name="sitemap.xml" server="ftp.kaoru.main.jp/TMTU/" local="3506223088" remote="12126678092" /><file name="event_tmp.html" server="ftp.kaoru.main.jp/TMTU/" local="3506221626" remote="12126678092" /><file name="meeting_test.html" server="ftp.kaoru.main.jp/TMTU/" local="3506214653" remote="12126678092" /><file name="RSS.xml" server="ftp.kaoru.main.jp/TMTU/" local="3502143179" remote="12126678092" /><file name="event_lightboxTest.html" server="ftp.kaoru.main.jp/TMTU/" local="3497843092" remote="12126678092" /><file name="lightbox_index.html" server="ftp.kaoru.main.jp/TMTU/" local="3497718863" remote="12126678092" /><file name="robots.txt" server="ftp.kaoru.main.jp/TMTU/" local="3492852220" remote="12126678092" /><file name="google115cbf157766d3e4.html" server="ftp.kaoru.main.jp/TMTU/" local="3492809091" remote="12126678092" /><file name="apple-touch-icon.png" server="ftp.kaoru.main.jp/TMTU/" local="3488444100" remote="12126678152" /><file name="bootstrap-social.css" server="ftp.kaoru.main.jp/TMTU/" local="3488032380" remote="12126678152" /><file name="index_navtest.html" server="ftp.kaoru.main.jp/TMTU/" local="3531276256" remote="12126677732" /><file name="event_test.html" server="ftp.kaoru.main.jp/TMTU/" local="3514664501" remote="12126677792" /><file name="event_archived.html" server="netftp.mmjp.or.jp//htdocs/" local="3535834289" remote="12125768852" /><file name="event_archived.html" server="ftp.kaoru.main.jp/TMTU/" local="3535834289" remote="12126677732" /><file name="about_2015.html" server="ftp.kaoru.main.jp/TMTU/" local="3535447168" remote="12126677732" /><file name="index_archived_test.html" server="netftp.mmjp.or.jp//htdocs/" local="3546462968" remote="12136397852" /></dwsync>