<?xml version="1.0" encoding="utf-8" ?><dwsync><file name="1.JPG" server="netftp.mmjp.or.jp//htdocs/" local="3514668118" remote="12115727432" /><file name="2.jpg" server="netftp.mmjp.or.jp//htdocs/" local="3514668118" remote="12115727432" /><file name="3.jpg" server="netftp.mmjp.or.jp//htdocs/" local="3514668120" remote="12115727432" /><file name="4.JPG" server="netftp.mmjp.or.jp//htdocs/" local="3514668120" remote="12115727432" /><file name="5.JPG" server="netftp.mmjp.or.jp//htdocs/" local="3514668120" remote="12115727432" /><file name="6.JPG" server="netftp.mmjp.or.jp//htdocs/" local="3514668120" remote="12115727432" /><file name="7.JPG" server="netftp.mmjp.or.jp//htdocs/" local="3514668120" remote="12115727432" /><file name="7.JPG" server="ftp.kaoru.main.jp/TMTU/" local="3514668120" remote="12126677792" /><file name="6.JPG" server="ftp.kaoru.main.jp/TMTU/" local="3514668120" remote="12126677792" /><file name="5.JPG" server="ftp.kaoru.main.jp/TMTU/" local="3514668120" remote="12126677792" /><file name="4.JPG" server="ftp.kaoru.main.jp/TMTU/" local="3514668120" remote="12126677792" /><file name="3.jpg" server="ftp.kaoru.main.jp/TMTU/" local="3514668120" remote="12126677792" /><file name="2.jpg" server="ftp.kaoru.main.jp/TMTU/" local="3514668118" remote="12126677792" /><file name="1.JPG" server="ftp.kaoru.main.jp/TMTU/" local="3514668118" remote="12126677792" /></dwsync>