<?xml version="1.0" encoding="utf-8" ?><dwsync><file name="main_run.png" server="netftp.mmjp.or.jp//htdocs/" local="3536861270" remote="12126988232" /><file name="main_swim.jpg" server="netftp.mmjp.or.jp//htdocs/" local="3488444160" remote="12113976272" /><file name="main_swim.png" server="netftp.mmjp.or.jp//htdocs/" local="3536742063" remote="12126988232" /><file name="top_main1.jpg" server="netftp.mmjp.or.jp//htdocs/" local="3488444160" remote="12113976272" /><file name="top_main1.png" server="netftp.mmjp.or.jp//htdocs/" local="3488444160" remote="12095451152" /><file name="top_main1_xs.png" server="netftp.mmjp.or.jp//htdocs/" local="3537053557" remote="12126988232" /><file name="main_run.png" server="ftp.kaoru.main.jp/TMTU/" local="3536742075" remote="12126677792" /><file name="main_swim.jpg" server="ftp.kaoru.main.jp/TMTU/" local="3488444160" remote="12126677792" /><file name="main_swim.png" server="ftp.kaoru.main.jp/TMTU/" local="3536742063" remote="12126677792" /><file name="top_main1.jpg" server="ftp.kaoru.main.jp/TMTU/" local="3488444160" remote="12126677792" /><file name="top_main1.png" server="ftp.kaoru.main.jp/TMTU/" local="3488444160" remote="12126677792" /><file name="top_main1_xs.png" server="ftp.kaoru.main.jp/TMTU/" local="3488487667" remote="12126677792" /><file name="main_bike.png" server="ftp.kaoru.main.jp/TMTU/" local="3536742048" remote="12126677792" /><file name=".DS_Store" server="ftp.kaoru.main.jp/TMTU/" local="3492158699" remote="12126677792" /><file name="main_bike.png" server="netftp.mmjp.or.jp//htdocs/" local="3536742048" remote="12126988232" /></dwsync>