<?xml version="1.0" encoding="utf-8" ?><dwsync><file name=".DS_Store" server="netftp.mmjp.or.jp//htdocs/" local="3493486500" remote="20673355684" /><file name="affix.js" server="netftp.mmjp.or.jp//htdocs/" local="3493486500" remote="20673355684" /><file name="bootstrap.min.js" server="netftp.mmjp.or.jp//htdocs/" local="3488444160" remote="12113976272" /><file name="docs.min.js" server="netftp.mmjp.or.jp//htdocs/" local="3488444160" remote="12113976272" /><file name="offcanvas.js" server="netftp.mmjp.or.jp//htdocs/" local="3493486500" remote="20673355684" /><file name="track.js" server="netftp.mmjp.or.jp//htdocs/" local="3493486500" remote="20673355684" /><file name="widgets.js" server="netftp.mmjp.or.jp//htdocs/" local="3493486500" remote="20673355684" /><file name=".DS_Store" server="ftp.kaoru.main.jp/TMTU/" local="3506221844" remote="12126677732" /><file name="affix.js" server="ftp.kaoru.main.jp/TMTU/" local="3488444160" remote="12126677792" /><file name="bootstrap-lightbox.js" server="ftp.kaoru.main.jp/TMTU/" local="3457051812" remote="12126677792" /><file name="bootstrap.min.js" server="ftp.kaoru.main.jp/TMTU/" local="3488444160" remote="12126677792" /><file name="docs.min.js" server="ftp.kaoru.main.jp/TMTU/" local="3488444160" remote="12126677792" /><file name="dropdown.js" server="ftp.kaoru.main.jp/TMTU/" local="3506220883" remote="12126677732" /><file name="modal.js" server="ftp.kaoru.main.jp/TMTU/" local="3496113180" remote="12126677732" /><file name="offcanvas.js" server="ftp.kaoru.main.jp/TMTU/" local="3488444160" remote="12126677732" /><file name="track.js" server="ftp.kaoru.main.jp/TMTU/" local="3488444160" remote="12126677732" /><file name="widgets.js" server="ftp.kaoru.main.jp/TMTU/" local="3488444160" remote="12126677732" /><file name="transition.js" server="ftp.kaoru.main.jp/TMTU/" local="3475095898" remote="12126677792" /></dwsync>