<?xml version="1.0" encoding="utf-8" ?><dwsync><file name=".DS_Store" server="netftp.mmjp.or.jp//htdocs/" local="3492158699" remote="12096746312" /><file name="allSports.png" server="netftp.mmjp.or.jp//htdocs/" local="3488444160" remote="12096746312" /><file name="aoyama.png" server="netftp.mmjp.or.jp//htdocs/" local="3488444160" remote="12096746312" /><file name="artSports.png" server="netftp.mmjp.or.jp//htdocs/" local="3488444160" remote="12096746312" /><file name="ayato.png" server="netftp.mmjp.or.jp//htdocs/" local="3488444160" remote="12096746312" /><file name="backup.png" server="netftp.mmjp.or.jp//htdocs/" local="3488444160" remote="12096746312" /><file name="banana.png" server="netftp.mmjp.or.jp//htdocs/" local="3488444160" remote="12096746312" /><file name="banner_logo.png" server="netftp.mmjp.or.jp//htdocs/" local="3488444160" remote="12096746312" /><file name="hi-ridge.png" server="netftp.mmjp.or.jp//htdocs/" local="3489752766" remote="12096746312" /><file name="itakura.png" server="netftp.mmjp.or.jp//htdocs/" local="3489752755" remote="12096746312" /><file name="jtu.png" server="netftp.mmjp.or.jp//htdocs/" local="3488444160" remote="12096746312" /><file name="kens.png" server="netftp.mmjp.or.jp//htdocs/" local="3488444160" remote="12096746312" /><file name="lumina.png" server="netftp.mmjp.or.jp//htdocs/" local="3488444160" remote="12096746312" /><file name="mayStorm.png" server="netftp.mmjp.or.jp//htdocs/" local="3489752779" remote="12096746312" /><file name="msl.png" server="netftp.mmjp.or.jp//htdocs/" local="3488444160" remote="12096746312" /><file name="nippongakuen.png" server="netftp.mmjp.or.jp//htdocs/" local="3488444160" remote="12096746312" /><file name="ominoways.png" server="netftp.mmjp.or.jp//htdocs/" local="3488444160" remote="12096746312" /><file name="seoCycle.png" server="netftp.mmjp.or.jp//htdocs/" local="3489752795" remote="12096746312" /><file name="stj.png" server="netftp.mmjp.or.jp//htdocs/" local="3488444160" remote="12096746312" /><file name="tokyo2020.png" server="netftp.mmjp.or.jp//htdocs/" local="3488444160" remote="12096746312" /><file name="toto.png" server="netftp.mmjp.or.jp//htdocs/" local="3489752718" remote="12096746312" /><file name="tri_x.png" server="netftp.mmjp.or.jp//htdocs/" local="3488444160" remote="12096746312" /><file name="verdy.png" server="netftp.mmjp.or.jp//htdocs/" local="3488444160" remote="12096746312" /><file name="weidar.png" server="netftp.mmjp.or.jp//htdocs/" local="3488444160" remote="12096746312" /><file name="NAS.png" server="netftp.mmjp.or.jp//htdocs/" local="3506810285" remote="12096746312" /><file name=".DS_Store" server="ftp.kaoru.main.jp/TMTU/" local="3492158699" remote="12126677972" /><file name="allSports.png" server="ftp.kaoru.main.jp/TMTU/" local="3488444160" remote="12126678032" /><file name="aoyama.png" server="ftp.kaoru.main.jp/TMTU/" local="3488444160" remote="12126678032" /><file name="artSports.png" server="ftp.kaoru.main.jp/TMTU/" local="3488444160" remote="12126678032" /><file name="ayato.png" server="ftp.kaoru.main.jp/TMTU/" local="3488444160" remote="12126678032" /><file name="backup.png" server="ftp.kaoru.main.jp/TMTU/" local="3488444160" remote="12126678032" /><file name="banana ?????.png" server="ftp.kaoru.main.jp/TMTU/" local="3488444160" remote="12126678032" /><file name="banana.png" server="ftp.kaoru.main.jp/TMTU/" local="3488444160" remote="12126678032" /><file name="banner_logo.png" server="ftp.kaoru.main.jp/TMTU/" local="3488444160" remote="12126678032" /><file name="hi-ridge.png" server="ftp.kaoru.main.jp/TMTU/" local="3489752766" remote="12126677972" /><file name="itakura.png" server="ftp.kaoru.main.jp/TMTU/" local="3489752755" remote="12126677972" /><file name="jtu.png" server="ftp.kaoru.main.jp/TMTU/" local="3488444160" remote="12126678032" /><file name="kens.png" server="ftp.kaoru.main.jp/TMTU/" local="3488444160" remote="12126678032" /><file name="lumina.png" server="ftp.kaoru.main.jp/TMTU/" local="3488444160" remote="12126678032" /><file name="mayStorm.png" server="ftp.kaoru.main.jp/TMTU/" local="3489752779" remote="12126677972" /><file name="msl.png" server="ftp.kaoru.main.jp/TMTU/" local="3488444160" remote="12126678032" /><file name="NAS.png" server="ftp.kaoru.main.jp/TMTU/" local="3506810285" remote="12126677972" /><file name="nippongakuen.png" server="ftp.kaoru.main.jp/TMTU/" local="3488444160" remote="12126678032" /><file name="ominoways.png" server="ftp.kaoru.main.jp/TMTU/" local="3488444160" remote="12126677972" /><file name="seoCycle.png" server="ftp.kaoru.main.jp/TMTU/" local="3489752795" remote="12126677972" /><file name="stj.png" server="ftp.kaoru.main.jp/TMTU/" local="3488444160" remote="12126677972" /><file name="tokyo2020.png" server="ftp.kaoru.main.jp/TMTU/" local="3488444160" remote="12126677972" /><file name="toto.png" server="ftp.kaoru.main.jp/TMTU/" local="3489752718" remote="12126677972" /><file name="tri_x.png" server="ftp.kaoru.main.jp/TMTU/" local="3488444160" remote="12126677972" /><file name="verdy.png" server="ftp.kaoru.main.jp/TMTU/" local="3488444160" remote="12126677972" /><file name="weidar.png" server="ftp.kaoru.main.jp/TMTU/" local="3488444160" remote="12126677972" /><file name="TriathlonStyle.png" server="netftp.mmjp.or.jp//htdocs/" local="3511977218" remote="12101912132" /><file name="TriathlonStyle.png" server="ftp.kaoru.main.jp/TMTU/" local="3511977218" remote="12126677972" /><file name="tokai_kisen.png" server="netftp.mmjp.or.jp//htdocs/" local="3540585464" remote="12130524872" /><file name="tokai_banner.png" server="netftp.mmjp.or.jp//htdocs/" local="3541802963" remote="12131737652" /></dwsync>