<?xml version="1.0" encoding="utf-8" ?><dwsync><file name="icon_outerlink.png" server="netftp.mmjp.or.jp//htdocs/" local="3488666005" remote="12113976272" /><file name="icon_outerlink_table.png" server="netftp.mmjp.or.jp//htdocs/" local="3488665927" remote="12113976272" /><file name="icon_pdf.png" server="netftp.mmjp.or.jp//htdocs/" local="3488444160" remote="12113976272" /><file name="konami_n.jpg" server="netftp.mmjp.or.jp//htdocs/" local="3488572632" remote="12095451152" /><file name="map_dummy.jpg" server="netftp.mmjp.or.jp//htdocs/" local="3488444160" remote="12095451152" /><file name="marker_recommend.png" server="netftp.mmjp.or.jp//htdocs/" local="3488444160" remote="12113976272" /><file name="marker_triangle.png" server="netftp.mmjp.or.jp//htdocs/" local="3488444160" remote="12095451152" /><file name="regional.png" server="netftp.mmjp.or.jp//htdocs/" local="3488444160" remote="12113976272" /><file name="tmtu.png" server="netftp.mmjp.or.jp//htdocs/" local="3488444160" remote="12113976272" /><file name="top_joinus.png" server="netftp.mmjp.or.jp//htdocs/" local="3488444160" remote="12095451212" /><file name="top_marker_h2.png" server="netftp.mmjp.or.jp//htdocs/" local="3488444160" remote="12095451212" /><file name="top_regionMap.png" server="netftp.mmjp.or.jp//htdocs/" local="3488444160" remote="12095451212" /><file name="zoom.png" server="netftp.mmjp.or.jp//htdocs/" local="3497819455" remote="12095451152" /><file name="icon_outerlink.png" server="ftp.kaoru.main.jp/TMTU/" local="3488666005" remote="12126678032" /><file name="icon_outerlink_table.png" server="ftp.kaoru.main.jp/TMTU/" local="3488665927" remote="12126678032" /><file name="icon_pdf.png" server="ftp.kaoru.main.jp/TMTU/" local="3488444160" remote="12126678032" /><file name="konami_n.jpg" server="ftp.kaoru.main.jp/TMTU/" local="3488572632" remote="12126678032" /><file name="map_dummy.jpg" server="ftp.kaoru.main.jp/TMTU/" local="3488444160" remote="12126678032" /><file name="marker_recommend.png" server="ftp.kaoru.main.jp/TMTU/" local="3488444160" remote="12126678032" /><file name="marker_triangle.png" server="ftp.kaoru.main.jp/TMTU/" local="3488444160" remote="12126678032" /><file name="regional.png" server="ftp.kaoru.main.jp/TMTU/" local="3488444160" remote="12126678032" /><file name="tmtu.png" server="ftp.kaoru.main.jp/TMTU/" local="3488444160" remote="12126678032" /><file name="top_joinus.png" server="ftp.kaoru.main.jp/TMTU/" local="3488444160" remote="12126678032" /><file name="top_marker_h2.png" server="ftp.kaoru.main.jp/TMTU/" local="3488444160" remote="12126678032" /><file name="top_regionMap.png" server="ftp.kaoru.main.jp/TMTU/" local="3488444160" remote="12126678032" /><file name="zoom.png" server="ftp.kaoru.main.jp/TMTU/" local="3497819455" remote="12126678032" /><file name=".DS_Store" server="ftp.kaoru.main.jp/TMTU/" local="3536742869" remote="12126677792" /></dwsync>