<?xml version="1.0" encoding="utf-8" ?><dwsync><file name=".DS_Store" server="netftp.mmjp.or.jp//htdocs/" local="3504167728" remote="12096746312" /><file name="0501giann00.pdf" server="netftp.mmjp.or.jp//htdocs/" local="3270980669" remote="12096746312" /><file name="0501giann01.pdf" server="netftp.mmjp.or.jp//htdocs/" local="3270980671" remote="12096746312" /><file name="0501giann02.pdf" server="netftp.mmjp.or.jp//htdocs/" local="3270980672" remote="12096746312" /><file name="0501giann03.pdf" server="netftp.mmjp.or.jp//htdocs/" local="3270980673" remote="12096746312" /><file name="0501giann04.pdf" server="netftp.mmjp.or.jp//htdocs/" local="3270980674" remote="12096746312" /><file name="0501giann05.pdf" server="netftp.mmjp.or.jp//htdocs/" local="3270980676" remote="12096746312" /><file name="0501giann06.pdf" server="netftp.mmjp.or.jp//htdocs/" local="3270980677" remote="12096746312" /><file name="0501giann08.pdf" server="netftp.mmjp.or.jp//htdocs/" local="3270980679" remote="12096746312" /><file name="0501giann09.pdf" server="netftp.mmjp.or.jp//htdocs/" local="3270980682" remote="12096746312" /><file name="06giann00.pdf" server="netftp.mmjp.or.jp//htdocs/" local="3286935084" remote="12096746312" /><file name="06giann01.pdf" server="netftp.mmjp.or.jp//htdocs/" local="3286935086" remote="12096746312" /><file name="06giann02.pdf" server="netftp.mmjp.or.jp//htdocs/" local="3286935087" remote="12096746312" /><file name="06giann03.pdf" server="netftp.mmjp.or.jp//htdocs/" local="3286935088" remote="12096746312" /><file name="06giann04.pdf" server="netftp.mmjp.or.jp//htdocs/" local="3286935088" remote="12096746312" /><file name="06giann05.pdf" server="netftp.mmjp.or.jp//htdocs/" local="3286935089" remote="12096746312" /><file name="06giann06.pdf" server="netftp.mmjp.or.jp//htdocs/" local="3286935091" remote="12096746312" /><file name="06giann07.pdf" server="netftp.mmjp.or.jp//htdocs/" local="3286935092" remote="12096746312" /><file name="06giann08.pdf" server="netftp.mmjp.or.jp//htdocs/" local="3286935093" remote="12096746312" /><file name="06giann09.pdf" server="netftp.mmjp.or.jp//htdocs/" local="3286935093" remote="12096746312" /><file name="071giann00.pdf" server="netftp.mmjp.or.jp//htdocs/" local="3289967888" remote="12096746312" /><file name="071giann01.pdf" server="netftp.mmjp.or.jp//htdocs/" local="3289967891" remote="12096746312" /><file name="071giann02.pdf" server="netftp.mmjp.or.jp//htdocs/" local="3289967894" remote="12096746312" /><file name="071giann03.pdf" server="netftp.mmjp.or.jp//htdocs/" local="3289967894" remote="12096746312" /><file name="071giann05.pdf" server="netftp.mmjp.or.jp//htdocs/" local="3289967895" remote="12096746312" /><file name="071giann11.pdf" server="netftp.mmjp.or.jp//htdocs/" local="3289967899" remote="12096746312" /><file name="072giann01.pdf" server="netftp.mmjp.or.jp//htdocs/" local="3289967901" remote="12096746312" /><file name="072giann02.pdf" server="netftp.mmjp.or.jp//htdocs/" local="3289967902" remote="12096746312" /><file name="072giann12.pdf" server="netftp.mmjp.or.jp//htdocs/" local="3289967903" remote="12096746312" /><file name="072infor.pdf" server="netftp.mmjp.or.jp//htdocs/" local="3289967909" remote="12096746312" /><file name="073giann00.pdf" server="netftp.mmjp.or.jp//htdocs/" local="3289967910" remote="12096746312" /><file name="073giann01.pdf" server="netftp.mmjp.or.jp//htdocs/" local="3289967914" remote="12096746312" /><file name="073giann04.pdf" server="netftp.mmjp.or.jp//htdocs/" local="3289967915" remote="12096746312" /><file name="073giann11.pdf" server="netftp.mmjp.or.jp//htdocs/" local="3290247561" remote="12096746312" /><file name="081giann00.pdf" server="netftp.mmjp.or.jp//htdocs/" local="3296979405" remote="12096746312" /><file name="081giann01.pdf" server="netftp.mmjp.or.jp//htdocs/" local="3296979406" remote="12096746312" /><file name="081giann02.pdf" server="netftp.mmjp.or.jp//htdocs/" local="3296979412" remote="12096746312" /><file name="081giann03.pdf" server="netftp.mmjp.or.jp//htdocs/" local="3296979413" remote="12096746312" /><file name="081giann04.pdf" server="netftp.mmjp.or.jp//htdocs/" local="3296979413" remote="12096746312" /><file name="082giann00.pdf" server="netftp.mmjp.or.jp//htdocs/" local="3320743864" remote="12096746312" /><file name="082giann01.pdf" server="netftp.mmjp.or.jp//htdocs/" local="3320743865" remote="12096746312" /><file name="082giann02.pdf" server="netftp.mmjp.or.jp//htdocs/" local="3320743865" remote="12096746312" /><file name="082giann03.pdf" server="netftp.mmjp.or.jp//htdocs/" local="3320743866" remote="12096746312" /><file name="082giann04.pdf" server="netftp.mmjp.or.jp//htdocs/" local="3320743867" remote="12096746312" /><file name="082giann05.pdf" server="netftp.mmjp.or.jp//htdocs/" local="3320743867" remote="12096746312" /><file name="091giann00.pdf" server="netftp.mmjp.or.jp//htdocs/" local="3328004674" remote="12096746312" /><file name="091giann01.pdf" server="netftp.mmjp.or.jp//htdocs/" local="3328004675" remote="12096746312" /><file name="091giann02.pdf" server="netftp.mmjp.or.jp//htdocs/" local="3328260338" remote="12096746312" /><file name="091giann09.pdf" server="netftp.mmjp.or.jp//htdocs/" local="3328004677" remote="12096746312" /><file name="092giann00.pdf" server="netftp.mmjp.or.jp//htdocs/" local="3351752160" remote="12096746312" /><file name="092giann09.pdf" server="netftp.mmjp.or.jp//htdocs/" local="3351752160" remote="12096746312" /><file name="101giann00.pdf" server="netftp.mmjp.or.jp//htdocs/" local="3359443776" remote="12096746312" /><file name="101giann01.pdf" server="netftp.mmjp.or.jp//htdocs/" local="3359443777" remote="12096746312" /><file name="101giann02.pdf" server="netftp.mmjp.or.jp//htdocs/" local="3359443779" remote="12096746312" /><file name="101giann09.pdf" server="netftp.mmjp.or.jp//htdocs/" local="3359443779" remote="12096746312" /><file name="102giann00.pdf" server="netftp.mmjp.or.jp//htdocs/" local="3391245251" remote="12096746312" /><file name="102giann01.pdf" server="netftp.mmjp.or.jp//htdocs/" local="3391245247" remote="12096746312" /><file name="111giann01.pdf" server="netftp.mmjp.or.jp//htdocs/" local="3391245231" remote="12096746312" /><file name="111giann02.pdf" server="netftp.mmjp.or.jp//htdocs/" local="3391245229" remote="12096746312" /><file name="112giann00.pdf" server="netftp.mmjp.or.jp//htdocs/" local="3415176097" remote="12096746312" /><file name="112giann01.pdf" server="netftp.mmjp.or.jp//htdocs/" local="3416960369" remote="12096746312" /><file name="112giann09.pdf" server="netftp.mmjp.or.jp//htdocs/" local="3415176099" remote="12096746312" /><file name="121giann00.pdf" server="netftp.mmjp.or.jp//htdocs/" local="3423001906" remote="12096746312" /><file name="121giann01.pdf" server="netftp.mmjp.or.jp//htdocs/" local="3424282184" remote="12096746312" /><file name="121giann02.pdf" server="netftp.mmjp.or.jp//htdocs/" local="3424282185" remote="12096746312" /><file name="121giann03.pdf" server="netftp.mmjp.or.jp//htdocs/" local="3424282185" remote="12096746312" /><file name="121giann04.pdf" server="netftp.mmjp.or.jp//htdocs/" local="3424282186" remote="12096746312" /><file name="121giann09.pdf" server="netftp.mmjp.or.jp//htdocs/" local="3423001915" remote="12096746312" /><file name="122giann00.pdf" server="netftp.mmjp.or.jp//htdocs/" local="3446621519" remote="12096746312" /><file name="122giann01.pdf" server="netftp.mmjp.or.jp//htdocs/" local="3484598058" remote="12096746312" /><file name="122giann02.pdf" server="netftp.mmjp.or.jp//htdocs/" local="3446541275" remote="12096746312" /><file name="122giann03.pdf" server="netftp.mmjp.or.jp//htdocs/" local="3446541275" remote="12096746312" /><file name="122giann04.pdf" server="netftp.mmjp.or.jp//htdocs/" local="3448176333" remote="12096746312" /><file name="122giann09.pdf" server="netftp.mmjp.or.jp//htdocs/" local="3446541275" remote="12096746312" /><file name="131giann00.pdf" server="netftp.mmjp.or.jp//htdocs/" local="3453542573" remote="12096746312" /><file name="131giann01.pdf" server="netftp.mmjp.or.jp//htdocs/" local="3476380354" remote="12096746312" /><file name="131giann09.pdf" server="netftp.mmjp.or.jp//htdocs/" local="3453542575" remote="12096746312" /><file name="132giann00.pdf" server="netftp.mmjp.or.jp//htdocs/" local="3478078206" remote="12096746312" /><file name="132giann01.pdf" server="netftp.mmjp.or.jp//htdocs/" local="3459764217" remote="12096746312" /><file name="132giann09.pdf" server="netftp.mmjp.or.jp//htdocs/" local="3478078208" remote="12096746312" /><file name="133giann00.pdf" server="netftp.mmjp.or.jp//htdocs/" local="3478078208" remote="12096746312" /><file name="133giann01.pdf" server="netftp.mmjp.or.jp//htdocs/" local="3480320381" remote="12096746312" /><file name="133giann02.pdf" server="netftp.mmjp.or.jp//htdocs/" local="3478078210" remote="12096746312" /><file name="133giann03.pdf" server="netftp.mmjp.or.jp//htdocs/" local="3478078211" remote="12096746312" /><file name="133giann04.pdf" server="netftp.mmjp.or.jp//htdocs/" local="3478078211" remote="12096746312" /><file name="133giann051.pdf" server="netftp.mmjp.or.jp//htdocs/" local="3478078212" remote="12096746312" /><file name="133giann052.pdf" server="netftp.mmjp.or.jp//htdocs/" local="3478078212" remote="12096746312" /><file name="133giann09.pdf" server="netftp.mmjp.or.jp//htdocs/" local="3478078213" remote="12096746312" /><file name="141giann01.pdf" server="netftp.mmjp.or.jp//htdocs/" local="3492584884" remote="12096746312" /><file name="141giann09.pdf" server="netftp.mmjp.or.jp//htdocs/" local="3485857013" remote="12096746312" /><file name="142giann01.pdf" server="netftp.mmjp.or.jp//htdocs/" local="3504167678" remote="12096746312" /><file name="142giann02.pdf" server="netftp.mmjp.or.jp//htdocs/" local="3504141316" remote="12096746312" /><file name="142giann03.pdf" server="netftp.mmjp.or.jp//htdocs/" local="3504141316" remote="12096746312" /><file name="142giann04.pdf" server="netftp.mmjp.or.jp//htdocs/" local="3504141316" remote="12096746312" /><file name="404.html" server="netftp.mmjp.or.jp//htdocs/" local="3492207862" remote="12096746372" /><file name="gijiroku05.pdf" server="netftp.mmjp.or.jp//htdocs/" local="3270980648" remote="12096746372" /><file name="gijiroku06.pdf" server="netftp.mmjp.or.jp//htdocs/" local="3270279404" remote="12096746372" /><file name="gijiroku07.pdf" server="netftp.mmjp.or.jp//htdocs/" local="3270280189" remote="12096746372" /><file name="gijiroku072.pdf" server="netftp.mmjp.or.jp//htdocs/" local="3288817386" remote="12096746372" /><file name="gijiroku073.pdf" server="netftp.mmjp.or.jp//htdocs/" local="3290247677" remote="12096746372" /><file name="gijiroku081.pdf" server="netftp.mmjp.or.jp//htdocs/" local="3307435094" remote="12096746372" /><file name="gijiroku082.pdf" server="netftp.mmjp.or.jp//htdocs/" local="3322622259" remote="12096746372" /><file name="gijiroku091.pdf" server="netftp.mmjp.or.jp//htdocs/" local="3340357408" remote="12096746372" /><file name="gijiroku092.pdf" server="netftp.mmjp.or.jp//htdocs/" local="3354089156" remote="12096746372" /><file name="gijiroku101.pdf" server="netftp.mmjp.or.jp//htdocs/" local="3368606572" remote="12096746372" /><file name="gijiroku111.pdf" server="netftp.mmjp.or.jp//htdocs/" local="3398199278" remote="12096746372" /><file name="gijiroku112.pdf" server="netftp.mmjp.or.jp//htdocs/" local="3417025025" remote="12096746372" /><file name="gijiroku121.pdf" server="netftp.mmjp.or.jp//htdocs/" local="3425890924" remote="12096746372" /><file name="gijiroku122.pdf" server="netftp.mmjp.or.jp//htdocs/" local="3448176553" remote="12096746372" /><file name="gijiroku131.pdf" server="netftp.mmjp.or.jp//htdocs/" local="3455701305" remote="12096746372" /><file name="gijiroku132.pdf" server="netftp.mmjp.or.jp//htdocs/" local="3489846714" remote="12096746372" /><file name="gijiroku133.pdf" server="netftp.mmjp.or.jp//htdocs/" local="3504141424" remote="12096746372" /><file name="gijiroku141.pdf" server="netftp.mmjp.or.jp//htdocs/" local="3490351481" remote="12096746372" /><file name="gijiroku142.pdf" server="netftp.mmjp.or.jp//htdocs/" local="3504141440" remote="12096746372" /><file name="hp.zip" server="netftp.mmjp.or.jp//htdocs/" local="3504075378" remote="12096746372" /><file name=".DS_Store" server="ftp.kaoru.main.jp/TMTU/" local="3510209699" remote="12126677912" /><file name="0501giann00.pdf" server="ftp.kaoru.main.jp/TMTU/" local="3270980669" remote="12126677972" /><file name="0501giann01.pdf" server="ftp.kaoru.main.jp/TMTU/" local="3270980671" remote="12126677972" /><file name="0501giann02.pdf" server="ftp.kaoru.main.jp/TMTU/" local="3270980672" remote="12126677972" /><file name="0501giann03.pdf" server="ftp.kaoru.main.jp/TMTU/" local="3270980673" remote="12126677972" /><file name="0501giann04.pdf" server="ftp.kaoru.main.jp/TMTU/" local="3270980674" remote="12126677972" /><file name="0501giann05.pdf" server="ftp.kaoru.main.jp/TMTU/" local="3270980676" remote="12126677972" /><file name="0501giann06.pdf" server="ftp.kaoru.main.jp/TMTU/" local="3270980677" remote="12126677972" /><file name="0501giann08.pdf" server="ftp.kaoru.main.jp/TMTU/" local="3270980679" remote="12126677972" /><file name="0501giann09.pdf" server="ftp.kaoru.main.jp/TMTU/" local="3270980682" remote="12126677972" /><file name="06giann00.pdf" server="ftp.kaoru.main.jp/TMTU/" local="3286935084" remote="12126677972" /><file name="06giann01.pdf" server="ftp.kaoru.main.jp/TMTU/" local="3286935086" remote="12126677972" /><file name="06giann02.pdf" server="ftp.kaoru.main.jp/TMTU/" local="3286935087" remote="12126677972" /><file name="06giann03.pdf" server="ftp.kaoru.main.jp/TMTU/" local="3286935088" remote="12126677972" /><file name="06giann04.pdf" server="ftp.kaoru.main.jp/TMTU/" local="3286935088" remote="12126677972" /><file name="06giann05.pdf" server="ftp.kaoru.main.jp/TMTU/" local="3286935089" remote="12126677972" /><file name="06giann06.pdf" server="ftp.kaoru.main.jp/TMTU/" local="3286935091" remote="12126677972" /><file name="06giann07.pdf" server="ftp.kaoru.main.jp/TMTU/" local="3286935092" remote="12126677972" /><file name="06giann08.pdf" server="ftp.kaoru.main.jp/TMTU/" local="3286935093" remote="12126677972" /><file name="06giann09.pdf" server="ftp.kaoru.main.jp/TMTU/" local="3286935093" remote="12126677972" /><file name="071giann00.pdf" server="ftp.kaoru.main.jp/TMTU/" local="3289967888" remote="12126677972" /><file name="071giann01.pdf" server="ftp.kaoru.main.jp/TMTU/" local="3289967891" remote="12126677972" /><file name="071giann02.pdf" server="ftp.kaoru.main.jp/TMTU/" local="3289967894" remote="12126677972" /><file name="071giann03.pdf" server="ftp.kaoru.main.jp/TMTU/" local="3289967894" remote="12126677972" /><file name="071giann05.pdf" server="ftp.kaoru.main.jp/TMTU/" local="3289967895" remote="12126677972" /><file name="071giann11.pdf" server="ftp.kaoru.main.jp/TMTU/" local="3289967899" remote="12126677972" /><file name="072giann01.pdf" server="ftp.kaoru.main.jp/TMTU/" local="3289967901" remote="12126677972" /><file name="072giann02.pdf" server="ftp.kaoru.main.jp/TMTU/" local="3289967902" remote="12126677972" /><file name="072giann12.pdf" server="ftp.kaoru.main.jp/TMTU/" local="3289967903" remote="12126677972" /><file name="072infor.pdf" server="ftp.kaoru.main.jp/TMTU/" local="3289967909" remote="12126677972" /><file name="073giann00.pdf" server="ftp.kaoru.main.jp/TMTU/" local="3289967910" remote="12126677972" /><file name="073giann01.pdf" server="ftp.kaoru.main.jp/TMTU/" local="3289967914" remote="12126677972" /><file name="073giann04.pdf" server="ftp.kaoru.main.jp/TMTU/" local="3289967915" remote="12126677972" /><file name="073giann11.pdf" server="ftp.kaoru.main.jp/TMTU/" local="3290247561" remote="12126677972" /><file name="081giann00.pdf" server="ftp.kaoru.main.jp/TMTU/" local="3296979405" remote="12126677972" /><file name="081giann01.pdf" server="ftp.kaoru.main.jp/TMTU/" local="3296979406" remote="12126677972" /><file name="081giann02.pdf" server="ftp.kaoru.main.jp/TMTU/" local="3296979412" remote="12126677972" /><file name="081giann03.pdf" server="ftp.kaoru.main.jp/TMTU/" local="3296979413" remote="12126677972" /><file name="081giann04.pdf" server="ftp.kaoru.main.jp/TMTU/" local="3296979413" remote="12126677972" /><file name="082giann00.pdf" server="ftp.kaoru.main.jp/TMTU/" local="3320743864" remote="12126677972" /><file name="082giann01.pdf" server="ftp.kaoru.main.jp/TMTU/" local="3320743865" remote="12126677972" /><file name="082giann02.pdf" server="ftp.kaoru.main.jp/TMTU/" local="3320743865" remote="12126677972" /><file name="082giann03.pdf" server="ftp.kaoru.main.jp/TMTU/" local="3320743866" remote="12126677972" /><file name="082giann04.pdf" server="ftp.kaoru.main.jp/TMTU/" local="3320743867" remote="12126677972" /><file name="082giann05.pdf" server="ftp.kaoru.main.jp/TMTU/" local="3320743867" remote="12126677972" /><file name="091giann00.pdf" server="ftp.kaoru.main.jp/TMTU/" local="3328004674" remote="12126677972" /><file name="091giann01.pdf" server="ftp.kaoru.main.jp/TMTU/" local="3328004675" remote="12126677972" /><file name="091giann02.pdf" server="ftp.kaoru.main.jp/TMTU/" local="3328260338" remote="12126677972" /><file name="091giann09.pdf" server="ftp.kaoru.main.jp/TMTU/" local="3328004677" remote="12126677972" /><file name="092giann00.pdf" server="ftp.kaoru.main.jp/TMTU/" local="3351752160" remote="12126677972" /><file name="092giann09.pdf" server="ftp.kaoru.main.jp/TMTU/" local="3351752160" remote="12126677972" /><file name="101giann00.pdf" server="ftp.kaoru.main.jp/TMTU/" local="3359443776" remote="12126677972" /><file name="101giann01.pdf" server="ftp.kaoru.main.jp/TMTU/" local="3359443777" remote="12126677972" /><file name="101giann02.pdf" server="ftp.kaoru.main.jp/TMTU/" local="3359443779" remote="12126677972" /><file name="101giann09.pdf" server="ftp.kaoru.main.jp/TMTU/" local="3359443779" remote="12126677972" /><file name="102giann00.pdf" server="ftp.kaoru.main.jp/TMTU/" local="3391245251" remote="12126677912" /><file name="102giann01.pdf" server="ftp.kaoru.main.jp/TMTU/" local="3391245247" remote="12126677912" /><file name="111giann01.pdf" server="ftp.kaoru.main.jp/TMTU/" local="3391245231" remote="12126677912" /><file name="111giann02.pdf" server="ftp.kaoru.main.jp/TMTU/" local="3391245229" remote="12126677912" /><file name="112giann00.pdf" server="ftp.kaoru.main.jp/TMTU/" local="3415176097" remote="12126677912" /><file name="112giann01.pdf" server="ftp.kaoru.main.jp/TMTU/" local="3416960369" remote="12126677912" /><file name="112giann09.pdf" server="ftp.kaoru.main.jp/TMTU/" local="3415176099" remote="12126677912" /><file name="121giann00.pdf" server="ftp.kaoru.main.jp/TMTU/" local="3423001906" remote="12126677912" /><file name="121giann01.pdf" server="ftp.kaoru.main.jp/TMTU/" local="3424282184" remote="12126677912" /><file name="121giann02.pdf" server="ftp.kaoru.main.jp/TMTU/" local="3424282185" remote="12126677912" /><file name="121giann03.pdf" server="ftp.kaoru.main.jp/TMTU/" local="3424282185" remote="12126677912" /><file name="121giann04.pdf" server="ftp.kaoru.main.jp/TMTU/" local="3424282186" remote="12126677912" /><file name="121giann09.pdf" server="ftp.kaoru.main.jp/TMTU/" local="3423001915" remote="12126677912" /><file name="122giann00.pdf" server="ftp.kaoru.main.jp/TMTU/" local="3446621519" remote="12126677912" /><file name="122giann01.pdf" server="ftp.kaoru.main.jp/TMTU/" local="3484598058" remote="12126677912" /><file name="122giann02.pdf" server="ftp.kaoru.main.jp/TMTU/" local="3446541275" remote="12126677912" /><file name="122giann03.pdf" server="ftp.kaoru.main.jp/TMTU/" local="3446541275" remote="12126677912" /><file name="122giann04.pdf" server="ftp.kaoru.main.jp/TMTU/" local="3448176333" remote="12126677912" /><file name="122giann09.pdf" server="ftp.kaoru.main.jp/TMTU/" local="3446541275" remote="12126677912" /><file name="131giann00.pdf" server="ftp.kaoru.main.jp/TMTU/" local="3453542573" remote="12126677912" /><file name="131giann01.pdf" server="ftp.kaoru.main.jp/TMTU/" local="3476380354" remote="12126677912" /><file name="131giann09.pdf" server="ftp.kaoru.main.jp/TMTU/" local="3453542575" remote="12126677912" /><file name="132giann00.pdf" server="ftp.kaoru.main.jp/TMTU/" local="3478078206" remote="12126677912" /><file name="132giann01.pdf" server="ftp.kaoru.main.jp/TMTU/" local="3459764217" remote="12126677912" /><file name="132giann09.pdf" server="ftp.kaoru.main.jp/TMTU/" local="3478078208" remote="12126677912" /><file name="133giann00.pdf" server="ftp.kaoru.main.jp/TMTU/" local="3478078208" remote="12126677912" /><file name="133giann01.pdf" server="ftp.kaoru.main.jp/TMTU/" local="3480320381" remote="12126677912" /><file name="133giann02.pdf" server="ftp.kaoru.main.jp/TMTU/" local="3478078210" remote="12126677912" /><file name="133giann03.pdf" server="ftp.kaoru.main.jp/TMTU/" local="3478078211" remote="12126677912" /><file name="133giann04.pdf" server="ftp.kaoru.main.jp/TMTU/" local="3478078211" remote="12126677912" /><file name="133giann051.pdf" server="ftp.kaoru.main.jp/TMTU/" local="3478078212" remote="12126677912" /><file name="133giann052.pdf" server="ftp.kaoru.main.jp/TMTU/" local="3478078212" remote="12126677912" /><file name="133giann09.pdf" server="ftp.kaoru.main.jp/TMTU/" local="3478078213" remote="12126677912" /><file name="141giann01.pdf" server="ftp.kaoru.main.jp/TMTU/" local="3492584884" remote="12126677912" /><file name="141giann09.pdf" server="ftp.kaoru.main.jp/TMTU/" local="3485857013" remote="12126677912" /><file name="142giann01.pdf" server="ftp.kaoru.main.jp/TMTU/" local="3504167678" remote="12126677912" /><file name="142giann02.pdf" server="ftp.kaoru.main.jp/TMTU/" local="3504141316" remote="12126677912" /><file name="142giann03.pdf" server="ftp.kaoru.main.jp/TMTU/" local="3504141316" remote="12126677912" /><file name="142giann04.pdf" server="ftp.kaoru.main.jp/TMTU/" local="3504141316" remote="12126677912" /><file name="404.html" server="ftp.kaoru.main.jp/TMTU/" local="3492207862" remote="12126677912" /><file name="gijiroku05.pdf" server="ftp.kaoru.main.jp/TMTU/" local="3270980648" remote="12126677972" /><file name="gijiroku06.pdf" server="ftp.kaoru.main.jp/TMTU/" local="3270279404" remote="12126677972" /><file name="gijiroku07.pdf" server="ftp.kaoru.main.jp/TMTU/" local="3270280189" remote="12126677972" /><file name="gijiroku072.pdf" server="ftp.kaoru.main.jp/TMTU/" local="3288817386" remote="12126677972" /><file name="gijiroku073.pdf" server="ftp.kaoru.main.jp/TMTU/" local="3290247677" remote="12126677972" /><file name="gijiroku081.pdf" server="ftp.kaoru.main.jp/TMTU/" local="3307435094" remote="12126677972" /><file name="gijiroku082.pdf" server="ftp.kaoru.main.jp/TMTU/" local="3322622259" remote="12126677972" /><file name="gijiroku091.pdf" server="ftp.kaoru.main.jp/TMTU/" local="3340357408" remote="12126677972" /><file name="gijiroku092.pdf" server="ftp.kaoru.main.jp/TMTU/" local="3354089156" remote="12126677972" /><file name="gijiroku101.pdf" server="ftp.kaoru.main.jp/TMTU/" local="3368606572" remote="12126677972" /><file name="gijiroku111.pdf" server="ftp.kaoru.main.jp/TMTU/" local="3398199278" remote="12126677912" /><file name="gijiroku112.pdf" server="ftp.kaoru.main.jp/TMTU/" local="3417025025" remote="12126677912" /><file name="gijiroku121.pdf" server="ftp.kaoru.main.jp/TMTU/" local="3425890924" remote="12126677912" /><file name="gijiroku122.pdf" server="ftp.kaoru.main.jp/TMTU/" local="3448176553" remote="12126677912" /><file name="gijiroku131.pdf" server="ftp.kaoru.main.jp/TMTU/" local="3455701305" remote="12126677912" /><file name="gijiroku132.pdf" server="ftp.kaoru.main.jp/TMTU/" local="3489846714" remote="12126677912" /><file name="gijiroku133.pdf" server="ftp.kaoru.main.jp/TMTU/" local="3504141424" remote="12126677912" /><file name="gijiroku141.pdf" server="ftp.kaoru.main.jp/TMTU/" local="3490351481" remote="12126677912" /><file name="gijiroku142.pdf" server="ftp.kaoru.main.jp/TMTU/" local="3504141440" remote="12126677912" /><file name="hp.zip" server="ftp.kaoru.main.jp/TMTU/" local="3504075378" remote="12126677912" /><file name="2014_rinji2_hagaki.pdf" server="netftp.mmjp.or.jp//htdocs/" local="3510209362" remote="12100154792" /><file name="2014_rinji2_info.pdf" server="netftp.mmjp.or.jp//htdocs/" local="3510208582" remote="12100145972" /><file name="2014_rinji2_gian.pdf" server="netftp.mmjp.or.jp//htdocs/" local="3510208582" remote="12100145972" /><file name="2014_rinji2_Mr_odawara.pdf" server="netftp.mmjp.or.jp//htdocs/" local="3510208582" remote="12100154792" /><file name="2014_rinji2_hagaki.pdf" server="ftp.kaoru.main.jp/TMTU/" local="3510209362" remote="12126677912" /><file name="2014_rinji2_Mr_odawara.pdf" server="ftp.kaoru.main.jp/TMTU/" local="3510208582" remote="12126677912" /><file name="2014_rinji2_info.pdf" server="ftp.kaoru.main.jp/TMTU/" local="3510208582" remote="12126677912" /><file name="2014_rinji2_gian.pdf" server="ftp.kaoru.main.jp/TMTU/" local="3510208582" remote="12126677912" /></dwsync>