<?xml version="1.0" encoding="utf-8" ?><dwsync><file name=".DS_Store" server="netftp.mmjp.or.jp//htdocs/" local="3492158699" remote="12095451212" /><file name="Title_Edogawa.png" server="netftp.mmjp.or.jp//htdocs/" local="3488444160" remote="12095451212" /><file name="Title_Swim.png" server="netftp.mmjp.or.jp//htdocs/" local="3488444160" remote="12095451212" /><file name="Title_Watarase.png" server="netftp.mmjp.or.jp//htdocs/" local="3488444160" remote="12095451212" /><file name="map_dummy.jpg" server="netftp.mmjp.or.jp//htdocs/" local="3488444160" remote="12095451212" /><file name="matisse-1-724576.jpg" server="netftp.mmjp.or.jp//htdocs/" local="3488444160" remote="12095451212" /><file name=".DS_Store" server="ftp.kaoru.main.jp/TMTU/" local="3492158699" remote="12126678032" /><file name="map_dummy.jpg" server="ftp.kaoru.main.jp/TMTU/" local="3488444160" remote="12126678032" /><file name="matisse-1-724576.jpg" server="ftp.kaoru.main.jp/TMTU/" local="3488444160" remote="12126678032" /><file name="Title_Edogawa.png" server="ftp.kaoru.main.jp/TMTU/" local="3488444160" remote="12126678032" /><file name="Title_Swim.png" server="ftp.kaoru.main.jp/TMTU/" local="3488444160" remote="12126678032" /><file name="Title_Watarase.png" server="ftp.kaoru.main.jp/TMTU/" local="3488444160" remote="12126678032" /></dwsync>