<?xml version="1.0" encoding="utf-8" ?><dwsync><file name=".DS_Store" server="netftp.mmjp.or.jp//htdocs/" local="3493465200" remote="20673334384" /><file name="bootstrap-social.css" server="netftp.mmjp.or.jp//htdocs/" local="3493465200" remote="20673334384" /><file name="bootstrap.css" server="netftp.mmjp.or.jp//htdocs/" local="3493465200" remote="20673334384" /><file name="bootstrap.min.css" server="netftp.mmjp.or.jp//htdocs/" local="3537053580" remote="20716922764" /><file name="carousel.css" server="netftp.mmjp.or.jp//htdocs/" local="3493465200" remote="20673334384" /><file name="docs.css" server="netftp.mmjp.or.jp//htdocs/" local="3538170720" remote="20718039904" /><file name="docs.min.css" server="netftp.mmjp.or.jp//htdocs/" local="3493465200" remote="20673334384" /><file name="docs_forCheck.css" server="netftp.mmjp.or.jp//htdocs/" local="3493465200" remote="20673334384" /><file name="font-awesome.css" server="netftp.mmjp.or.jp//htdocs/" local="3538170720" remote="20718039904" /><file name="ie8-9.css" server="netftp.mmjp.or.jp//htdocs/" local="3507289200" remote="20687158384" /><file name="kozuma.css" server="netftp.mmjp.or.jp//htdocs/" local="3493465200" remote="20673334384" /><file name="media.css" server="netftp.mmjp.or.jp//htdocs/" local="3493465200" remote="20673334384" /><file name="normalize.css" server="netftp.mmjp.or.jp//htdocs/" local="3493465200" remote="20673334384" /><file name="print.css" server="netftp.mmjp.or.jp//htdocs/" local="3493465200" remote="20673334384" /><file name="pygments-manni.css" server="netftp.mmjp.or.jp//htdocs/" local="3493465200" remote="20673334384" /><file name="styles-working.css" server="netftp.mmjp.or.jp//htdocs/" local="3493465200" remote="20673334384" /><file name="styles.css" server="netftp.mmjp.or.jp//htdocs/" local="3506857200" remote="20686726384" /><file name="styles_subpages.css" server="netftp.mmjp.or.jp//htdocs/" local="3493465200" remote="20673334384" /><file name="variables.css" server="netftp.mmjp.or.jp//htdocs/" local="3493465200" remote="20673334384" /><file name="ie8-9_test.css" server="netftp.mmjp.or.jp//htdocs/" local="3507289200" remote="20687158384" /><file name="styles_not_ie8-9.css" server="netftp.mmjp.or.jp//htdocs/" local="3507289200" remote="20687158384" /><file name=".DS_Store" server="ftp.kaoru.main.jp/TMTU/" local="3492158694" remote="12126678032" /><file name="bootstrap-lightbox.js" server="ftp.kaoru.main.jp/TMTU/" local="3457051812" remote="12126678032" /><file name="bootstrap-social.css" server="ftp.kaoru.main.jp/TMTU/" local="3488444100" remote="12126678032" /><file name="bootstrap.css" server="ftp.kaoru.main.jp/TMTU/" local="3488444100" remote="12126678032" /><file name="bootstrap.min.css" server="ftp.kaoru.main.jp/TMTU/" local="3488444100" remote="12126678032" /><file name="carousel.css" server="ftp.kaoru.main.jp/TMTU/" local="3483195660" remote="12126678032" /><file name="docs.css" server="ftp.kaoru.main.jp/TMTU/" local="3488444100" remote="12126678032" /><file name="docs.min.css" server="ftp.kaoru.main.jp/TMTU/" local="3488444100" remote="12126678032" /><file name="docs_forCheck.css" server="ftp.kaoru.main.jp/TMTU/" local="3488444100" remote="12126678032" /><file name="font-awesome.css" server="ftp.kaoru.main.jp/TMTU/" local="3488444100" remote="12126678032" /><file name="ie8-9.css" server="ftp.kaoru.main.jp/TMTU/" local="3507337597" remote="12126678032" /><file name="ie8-9_test.css" server="ftp.kaoru.main.jp/TMTU/" local="3507350845" remote="12126678032" /><file name="kozuma.css" server="ftp.kaoru.main.jp/TMTU/" local="3483195720" remote="12126678032" /><file name="media.css" server="ftp.kaoru.main.jp/TMTU/" local="3488444100" remote="12126678032" /><file name="normalize.css" server="ftp.kaoru.main.jp/TMTU/" local="3483195720" remote="12126678032" /><file name="print.css" server="ftp.kaoru.main.jp/TMTU/" local="3488444100" remote="12126678032" /><file name="pygments-manni.css" server="ftp.kaoru.main.jp/TMTU/" local="3483195720" remote="12126678032" /><file name="styles-working.css" server="ftp.kaoru.main.jp/TMTU/" local="3488444100" remote="12126678032" /><file name="styles.css" server="ftp.kaoru.main.jp/TMTU/" local="3506933325" remote="12126678032" /><file name="styles_not_ie8-9.css" server="ftp.kaoru.main.jp/TMTU/" local="3507338884" remote="12126678032" /><file name="styles_subpages.css" server="ftp.kaoru.main.jp/TMTU/" local="3488444100" remote="12126678032" /><file name="variables.css" server="ftp.kaoru.main.jp/TMTU/" local="3483195720" remote="12126678032" /><file name="styles_all.css" server="netftp.mmjp.or.jp//htdocs/" local="3545893200" remote="20725762384" /><file name="styles_all.css" server="ftp.kaoru.main.jp/TMTU/" local="3536732148" remote="12126678032" /></dwsync>